City_ID,City,Country,Date,Lat,Lng,Max Temp,Humidity,Cloudiness,Wind Speed
0,Dovers,VC,2022-02-01 01:34:35,12.8833,-61.1833,78.49,78,18,14.45
1,Iqaluit,CA,2022-02-01 01:36:08,63.7506,-68.5145,-29.31,66,0,3.0
2,Hermanus,ZA,2022-02-01 01:36:08,-34.4187,19.2345,73.9,89,3,8.48
3,Yellowknife,CA,2022-02-01 01:31:18,62.456,-114.3525,-11.58,83,20,6.91
4,Niltepec,MX,2022-02-01 01:36:09,16.5667,-94.6167,72.77,85,0,4.18
5,Bluff,NZ,2022-02-01 01:36:10,-46.6,168.3333,74.8,79,100,10.96
6,East London,ZA,2022-02-01 01:36:10,-33.0153,27.9116,77.02,71,100,2.42
7,Saint-Paul,RE,2022-02-01 01:36:11,-21.0096,55.2707,78.89,77,98,4.29
8,Albany,US,2022-02-01 01:32:38,42.6001,-73.9662,17.73,67,8,2.24
9,Esna,EG,2022-02-01 01:36:11,25.2934,32.554,46.42,66,0,6.8
10,Taoudenni,ML,2022-02-01 01:36:12,22.6783,-3.9836,65.57,8,2,11.45
11,Cape Town,ZA,2022-02-01 01:31:29,-33.9258,18.4232,74.12,81,0,3.44
12,Hobart,AU,2022-02-01 01:36:12,-42.8794,147.3294,85.86,39,75,5.01
13,Punta Arenas,CL,2022-02-01 01:36:13,-53.15,-70.9167,46.51,76,75,14.97
14,Livingston,GB,2022-02-01 01:36:13,55.9029,-3.5226,48.85,92,40,19.57
15,Kodiak,US,2022-02-01 01:36:14,57.79,-152.4072,29.71,93,100,0.0
16,Castro,BR,2022-02-01 01:36:14,-24.7911,-50.0119,62.67,90,1,2.55
17,Vao,NC,2022-02-01 01:36:15,-22.6667,167.4833,78.08,83,100,9.35
18,Vrangel,RU,2022-02-01 01:36:16,42.7297,133.0839,19.67,49,18,10.65
19,Carnarvon,AU,2022-02-01 01:31:25,-24.8667,113.6333,86.07,58,4,16.11
20,San Cristobal,VE,2022-02-01 01:36:16,7.7669,-72.225,71.78,85,97,2.44
21,Kihei,US,2022-02-01 01:36:17,20.785,-156.4656,82.42,62,40,13.8
22,Manggar,ID,2022-02-01 01:36:17,-2.8833,108.2667,83.77,67,100,7.07
23,Port Alfred,ZA,2022-02-01 01:36:18,-33.5906,26.891,74.64,97,99,2.71
24,Lukovetskiy,RU,2022-02-01 01:36:18,64.2956,41.9211,15.78,97,100,5.12
25,Rikitea,PF,2022-02-01 01:36:19,-23.1203,-134.9692,78.28,67,95,5.93
26,Ancud,CL,2022-02-01 01:36:19,-41.8697,-73.8203,57.42,84,78,7.16
27,Sao Jose Da Coroa Grande,BR,2022-02-01 01:36:19,-8.8978,-35.1478,78.42,80,38,6.4
28,Avarua,CK,2022-02-01 01:36:20,-21.2078,-159.775,77.05,88,100,10.36
29,Denison,US,2022-02-01 01:36:20,33.7557,-96.5367,59.18,78,40,3.0
30,Nikolskoye,RU,2022-02-01 01:36:21,59.7035,30.7861,24.69,97,100,4.63
31,Ushuaia,AR,2022-02-01 01:36:21,-54.8,-68.3,40.66,87,75,17.27
32,Hilo,US,2022-02-01 01:36:22,19.7297,-155.09,78.53,69,40,11.5
33,Chuy,UY,2022-02-01 01:36:22,-33.6971,-53.4616,61.38,65,0,7.09
34,Thinadhoo,MV,2022-02-01 01:36:22,0.5333,72.9333,82.6,69,28,10.31
35,Bredasdorp,ZA,2022-02-01 01:34:14,-34.5322,20.0403,72.28,98,21,5.48
36,Kitimat,CA,2022-02-01 01:36:23,54.0524,-128.6534,35.98,98,97,2.77
37,Bedesa,ET,2022-02-01 01:36:23,8.9,40.7833,58.55,33,100,3.49
38,Padang,ID,2022-02-01 01:36:24,-0.9492,100.3543,75.25,83,100,1.14
39,Lebu,CL,2022-02-01 01:36:24,-37.6167,-73.65,57.56,77,0,17.11
40,Saint George,US,2022-02-01 01:36:25,37.1041,-113.5841,54.95,22,0,1.99
41,Vila Velha,BR,2022-02-01 01:32:49,-20.3297,-40.2925,75.15,88,100,8.05
42,Zhigansk,RU,2022-02-01 01:36:26,66.7697,123.3711,-29.56,98,91,7.14
43,Tura,IN,2022-02-01 01:36:26,25.5198,90.2201,58.51,59,80,4.68
44,Iqaluit,CA,2022-02-01 01:36:08,63.7506,-68.5145,-29.31,66,0,3.0
45,Hermanus,ZA,2022-02-01 01:36:08,-34.4187,19.2345,73.9,89,3,8.48
46,Yellowknife,CA,2022-02-01 01:31:18,62.456,-114.3525,-11.58,83,20,6.91
47,Niltepec,MX,2022-02-01 01:36:09,16.5667,-94.6167,72.77,85,0,4.18
48,Bluff,NZ,2022-02-01 01:36:10,-46.6,168.3333,74.8,79,100,10.96
49,East London,ZA,2022-02-01 01:36:10,-33.0153,27.9116,77.02,71,100,2.42
50,Saint-Paul,RE,2022-02-01 01:36:11,-21.0096,55.2707,78.89,77,98,4.29
51,Albany,US,2022-02-01 01:32:38,42.6001,-73.9662,17.73,67,8,2.24
52,Esna,EG,2022-02-01 01:36:11,25.2934,32.554,46.42,66,0,6.8
53,Taoudenni,ML,2022-02-01 01:36:12,22.6783,-3.9836,65.57,8,2,11.45
54,Cape Town,ZA,2022-02-01 01:31:29,-33.9258,18.4232,74.12,81,0,3.44
55,Hobart,AU,2022-02-01 01:36:12,-42.8794,147.3294,85.86,39,75,5.01
56,Punta Arenas,CL,2022-02-01 01:36:13,-53.15,-70.9167,46.51,76,75,14.97
57,Livingston,GB,2022-02-01 01:36:13,55.9029,-3.5226,48.85,92,40,19.57
58,Kodiak,US,2022-02-01 01:36:14,57.79,-152.4072,29.71,93,100,0.0
59,Castro,BR,2022-02-01 01:36:14,-24.7911,-50.0119,62.67,90,1,2.55
60,Vao,NC,2022-02-01 01:36:15,-22.6667,167.4833,78.08,83,100,9.35
61,Vrangel,RU,2022-02-01 01:36:16,42.7297,133.0839,19.67,49,18,10.65
62,Carnarvon,AU,2022-02-01 01:31:25,-24.8667,113.6333,86.07,58,4,16.11
63,San Cristobal,VE,2022-02-01 01:36:16,7.7669,-72.225,71.78,85,97,2.44
64,Kihei,US,2022-02-01 01:36:17,20.785,-156.4656,82.42,62,40,13.8
65,Manggar,ID,2022-02-01 01:36:17,-2.8833,108.2667,83.77,67,100,7.07
66,Port Alfred,ZA,2022-02-01 01:36:18,-33.5906,26.891,74.64,97,99,2.71
67,Lukovetskiy,RU,2022-02-01 01:36:18,64.2956,41.9211,15.78,97,100,5.12
68,Rikitea,PF,2022-02-01 01:36:19,-23.1203,-134.9692,78.28,67,95,5.93
69,Ancud,CL,2022-02-01 01:36:19,-41.8697,-73.8203,57.42,84,78,7.16
70,Sao Jose Da Coroa Grande,BR,2022-02-01 01:36:19,-8.8978,-35.1478,78.42,80,38,6.4
71,Avarua,CK,2022-02-01 01:36:20,-21.2078,-159.775,77.05,88,100,10.36
72,Denison,US,2022-02-01 01:36:20,33.7557,-96.5367,59.18,78,40,3.0
73,Nikolskoye,RU,2022-02-01 01:36:21,59.7035,30.7861,24.69,97,100,4.63
74,Ushuaia,AR,2022-02-01 01:36:21,-54.8,-68.3,40.66,87,75,17.27
75,Hilo,US,2022-02-01 01:36:22,19.7297,-155.09,78.53,69,40,11.5
76,Chuy,UY,2022-02-01 01:36:22,-33.6971,-53.4616,61.38,65,0,7.09
77,Thinadhoo,MV,2022-02-01 01:36:22,0.5333,72.9333,82.6,69,28,10.31
78,Bredasdorp,ZA,2022-02-01 01:34:14,-34.5322,20.0403,72.28,98,21,5.48
79,Kitimat,CA,2022-02-01 01:36:23,54.0524,-128.6534,35.98,98,97,2.77
80,Bedesa,ET,2022-02-01 01:36:23,8.9,40.7833,58.55,33,100,3.49
81,Padang,ID,2022-02-01 01:36:24,-0.9492,100.3543,75.25,83,100,1.14
82,Lebu,CL,2022-02-01 01:36:24,-37.6167,-73.65,57.56,77,0,17.11
83,Saint George,US,2022-02-01 01:36:25,37.1041,-113.5841,54.95,22,0,1.99
84,Vila Velha,BR,2022-02-01 01:32:49,-20.3297,-40.2925,75.15,88,100,8.05
85,Zhigansk,RU,2022-02-01 01:36:26,66.7697,123.3711,-29.56,98,91,7.14
86,Tura,IN,2022-02-01 01:36:26,25.5198,90.2201,58.51,59,80,4.68
87,Atuona,PF,2022-02-01 01:38:53,-9.8,-139.0333,78.62,77,14,19.73
88,Cayenne,GF,2022-02-01 01:38:53,4.9333,-52.3333,80.1,84,40,5.99
89,Hamilton,US,2022-02-01 01:36:33,39.1834,-84.5333,34.57,74,0,0.0
90,Bonthe,SL,2022-02-01 01:38:54,7.5264,-12.505,76.03,92,61,4.18
91,Sainte-Suzanne,RE,2022-02-01 01:38:55,-20.9061,55.6089,78.98,50,0,6.91
92,Najran,SA,2022-02-01 01:38:55,17.4924,44.1277,57.85,66,77,6.15
93,Komsomolskiy,UZ,2022-02-01 01:38:55,40.4272,71.7189,27.82,86,71,0.0
94,Vaini,TO,2022-02-01 01:38:56,-21.2,-175.2,86.16,79,75,11.5
95,Tigil,RU,2022-02-01 01:38:56,57.8,158.6667,19.49,82,9,8.66
96,Narsaq,GL,2022-02-01 01:38:57,60.9167,-46.05,26.82,88,100,6.42
97,San Bonifacio,IT,2022-02-01 01:38:57,45.3969,11.2844,43.68,99,9,7.9
98,Kapaa,US,2022-02-01 01:38:57,22.0752,-159.319,76.98,71,20,1.01
99,Dingle,PH,2022-02-01 01:38:58,10.9995,122.6711,81.36,77,100,12.86
100,Lorengau,PG,2022-02-01 01:38:58,-2.0226,147.2712,77.47,91,100,13.69
101,Nanortalik,GL,2022-02-01 01:38:59,60.1432,-45.2371,24.46,80,100,12.68
102,Alta Gracia,AR,2022-02-01 01:38:59,-31.6529,-64.4283,70.72,77,0,4.83
103,Victoria,HK,2022-02-01 01:35:57,22.2855,114.1577,57.33,88,100,1.01
104,Longyan,CN,2022-02-01 01:39:00,25.1072,117.0225,47.5,97,100,3.11
105,Busselton,AU,2022-02-01 01:39:00,-33.65,115.3333,69.08,39,0,16.35
106,Lakeway,US,2022-02-01 01:39:01,30.3638,-97.9796,57.6,91,100,5.99
107,Khatanga,RU,2022-02-01 01:39:01,71.9667,102.5,-29.27,100,20,3.18
108,Mataura,NZ,2022-02-01 01:39:02,-46.1927,168.8643,74.48,46,100,1.34
109,Sitka,US,2022-02-01 01:39:02,57.0531,-135.33,35.49,80,75,0.0
110,Teguise,ES,2022-02-01 01:39:03,29.0605,-13.564,66.42,56,0,13.8
111,Cherskiy,RU,2022-02-01 01:39:03,68.75,161.3,-4.32,86,100,3.36
112,Yaan,NG,2022-02-01 01:39:04,7.3833,8.5667,71.46,19,74,5.41
113,Tasiilaq,GL,2022-02-01 01:39:04,65.6145,-37.6368,10.56,92,87,7.65
114,Broome,US,2022-02-01 01:39:05,42.2506,-75.833,16.57,74,8,1.99
115,Provideniya,RU,2022-02-01 01:38:35,64.3833,-173.3,8.71,66,75,22.37
116,Turukhansk,RU,2022-02-01 01:39:05,65.8167,87.9833,9.12,94,100,11.07
117,Chokwe,MZ,2022-02-01 01:39:06,-24.5333,32.9833,71.44,91,0,3.15
118,Longyearbyen,SJ,2022-02-01 01:39:06,78.2186,15.6401,13.84,67,75,8.05
119,New Norfolk,AU,2022-02-01 01:39:07,-42.7826,147.0587,85.5,29,33,5.99
120,Saskylakh,RU,2022-02-01 01:39:07,71.9167,114.0833,-28.91,100,66,2.19
121,Port Elizabeth,ZA,2022-02-01 01:39:07,-33.918,25.5701,73.09,100,100,3.44
122,Makakilo City,US,2022-02-01 01:39:08,21.3469,-158.0858,75.18,64,75,9.22
123,Nizhnyaya Omka,RU,2022-02-01 01:39:08,55.4338,74.9426,20.14,95,100,11.61
124,Gebre Guracha,ET,2022-02-01 01:39:09,9.8,38.4,55.76,48,68,1.23
125,Kahului,US,2022-02-01 01:39:09,20.8947,-156.47,82.42,62,40,13.8
126,Cabesti,RO,2022-02-01 01:39:10,46.7667,22.3667,33.13,93,100,4.5
127,Tianpeng,CN,2022-02-01 01:39:10,30.9866,103.9393,41.47,83,100,7.07
128,Chokurdakh,RU,2022-02-01 01:38:27,70.6333,147.9167,-12.42,93,100,1.39
129,Indianola,US,2022-02-01 01:39:11,41.3581,-93.5574,43.29,67,100,14.79
130,Agucadoura,PT,2022-02-01 01:39:11,41.4318,-8.7804,46.96,69,0,8.84
131,Sorong,ID,2022-02-01 01:39:12,-0.8833,131.25,82.58,69,100,13.87
132,Balyaga,RU,2022-02-01 01:39:12,51.1507,108.921,-8.27,98,100,1.88
133,Talnakh,RU,2022-02-01 01:39:13,69.4865,88.3972,6.21,95,97,8.86
134,Pevek,RU,2022-02-01 01:40:13,69.7008,170.3133,-17.16,97,65,0.58
135,Mount Gambier,AU,2022-02-01 01:40:14,-37.8333,140.7667,66.11,52,75,24.16
136,Bucerias,MX,2022-02-01 01:40:14,20.75,-105.3333,75.18,78,0,12.66
137,Samarai,PG,2022-02-01 01:40:15,-10.6167,150.6667,86.83,66,100,12.73
138,Upernavik,GL,2022-02-01 01:39:38,72.7868,-56.1549,-17.73,97,100,6.8
139,Ponta Do Sol,PT,2022-02-01 01:40:16,32.6667,-17.1,65.03,83,13,12.59
140,Cap Malheureux,MU,2022-02-01 01:40:16,-19.9842,57.6142,79.47,70,98,8.01
141,Thompson,CA,2022-02-01 01:40:17,55.7435,-97.8558,1.56,78,100,5.75
142,Aklavik,CA,2022-02-01 01:40:17,68.2191,-135.0107,-3.17,92,100,10.51
143,Rio Gallegos,AR,2022-02-01 01:40:18,-51.6226,-69.2181,50.05,57,20,31.07
144,Pitimbu,BR,2022-02-01 01:40:18,-7.4706,-34.8086,77.59,79,25,8.55
145,Helong,CN,2022-02-01 01:40:19,42.5397,128.9972,19.74,47,29,5.75
146,Saldanha,ZA,2022-02-01 01:40:20,-33.0117,17.9442,66.49,88,8,8.28
147,Isabela,PH,2022-02-01 01:40:20,6.7085,121.9711,84.25,68,91,7.92
148,Port Moresby,PG,2022-02-01 01:40:21,-9.4431,147.1797,81.82,78,75,11.5
149,Raga,SS,2022-02-01 01:40:21,8.4596,25.678,65.53,20,6,6.67
150,Kavaratti,IN,2022-02-01 01:40:21,10.5669,72.642,80.44,72,6,9.57
151,Vestmannaeyjar,IS,2022-02-01 01:40:22,63.4427,-20.2734,38.01,78,35,38.36
152,Prabumulih,ID,2022-02-01 01:40:22,-3.45,104.25,81.27,77,100,3.29
153,Safaga,EG,2022-02-01 01:40:23,26.7292,33.9365,58.01,50,0,5.32
154,Saint-Philippe,RE,2022-02-01 01:40:06,-21.3585,55.7679,78.35,80,100,14.61
155,Saint Anthony,US,2022-02-01 01:40:23,45.0205,-93.218,29.25,77,0,7.0
156,Wanning,CN,2022-02-01 01:39:39,18.8003,110.3967,71.29,90,92,4.12
157,Labelle,US,2022-02-01 01:40:08,26.7617,-81.4384,58.98,29,8,6.49
158,Constitucion,CL,2022-02-01 01:38:29,-35.3333,-72.4167,57.7,75,0,8.3
159,Luderitz,NA,2022-02-01 01:38:35,-26.6481,15.1594,64.31,92,24,6.53
160,Bengkulu,ID,2022-02-01 01:40:25,-3.8004,102.2655,81.55,72,88,3.76
161,Dhupgari,IN,2022-02-01 01:40:25,26.5858,89.0145,58.3,57,39,3.96
162,Grand Gaube,MU,2022-02-01 01:40:26,-20.0064,57.6608,79.38,70,98,8.01
163,Bambous Virieux,MU,2022-02-01 01:40:26,-20.3428,57.7575,79.21,78,75,18.41
164,Barrow,US,2022-02-01 01:37:15,71.2906,-156.7887,-16.58,83,75,9.22
165,Taixing,CN,2022-02-01 01:40:27,32.1667,120.0136,43.0,39,100,9.84
166,Jamestown,US,2022-02-01 01:40:27,42.097,-79.2353,28.04,50,0,5.75
167,Gunjur,GM,2022-02-01 01:40:28,13.2019,-16.7339,73.47,53,98,11.5
168,Hirakud,IN,2022-02-01 01:40:28,21.5167,83.8667,60.91,44,7,2.1
169,Mayo,US,2022-02-01 01:40:29,38.8876,-76.5119,31.98,68,0,1.01
170,Te Anau,NZ,2022-02-01 01:40:29,-45.4167,167.7167,76.23,39,100,2.06
171,Fort Wellington,GY,2022-02-01 01:40:29,6.4,-57.6,76.77,81,99,9.24
172,Ciudad Bolivar,VE,2022-02-01 01:40:30,8.1222,-63.5497,81.82,58,78,12.35
173,Moose Factory,CA,2022-02-01 01:40:31,51.2585,-80.6094,1.4,60,100,9.22
174,Puerto Narino,CO,2022-02-01 01:40:31,-3.7703,-70.3831,80.55,82,89,2.13
175,Katangli,RU,2022-02-01 01:41:31,51.7102,143.2326,9.59,92,100,21.77
176,Kaitangata,NZ,2022-02-01 01:41:32,-46.2817,169.8464,68.09,73,100,7.38
177,Lompoc,US,2022-02-01 01:39:43,34.6391,-120.4579,61.59,81,0,11.5
178,Ahipara,NZ,2022-02-01 01:41:33,-35.1667,173.1667,73.62,70,99,15.37
179,Souillac,MU,2022-02-01 01:41:33,-20.5167,57.5167,79.36,78,75,18.41
180,Pina,PH,2022-02-01 01:41:34,12.1936,124.4039,80.44,78,41,8.72
181,Margate,GB,2022-02-01 01:41:34,51.3813,1.3862,42.96,82,93,1.99
182,Puerto Ayora,EC,2022-02-01 01:39:41,-0.7393,-90.3518,73.54,94,91,5.28
183,Vardo,NO,2022-02-01 01:41:35,70.3705,31.1107,21.97,81,22,8.34
184,Klaksvik,FO,2022-02-01 01:41:35,62.2266,-6.589,43.72,80,100,43.82
185,Tuktoyaktuk,CA,2022-02-01 01:41:36,69.4541,-133.0374,-18.4,69,40,2.3
186,Nome,US,2022-02-01 01:41:36,64.5011,-165.4064,19.47,45,0,16.11
187,Pisticci,IT,2022-02-01 01:41:37,40.3906,16.5568,48.13,84,100,9.35
188,Codrington,AU,2022-02-01 01:40:24,-38.2667,141.9667,61.93,59,96,21.79
189,Pilar,BR,2022-02-01 01:41:37,-9.5972,-35.9567,76.93,87,7,4.18
190,Kaputa,ZM,2022-02-01 01:41:38,-8.4689,29.6619,65.84,89,100,4.34
191,Awjilah,LY,2022-02-01 01:41:38,29.1081,21.2869,51.82,66,2,10.09
192,Niceville,US,2022-02-01 01:37:41,30.5169,-86.4822,55.9,78,0,0.0
193,Pisco,PE,2022-02-01 01:41:39,-13.7,-76.2167,71.65,73,100,13.8
194,Kavieng,PG,2022-02-01 01:39:34,-2.5744,150.7967,79.95,84,96,12.91
195,Floirac,FR,2022-02-01 01:41:40,44.8324,-0.5141,40.55,93,0,4.61
196,Roma,US,2022-02-01 01:40:58,43.2128,-75.4557,16.65,77,0,0.0
197,Constantine,DZ,2022-02-01 01:41:40,36.365,6.6147,44.01,75,0,8.05
198,Adrar,MR,2022-02-01 01:41:41,20.5022,-10.0711,71.91,14,100,10.96
199,Parabel,RU,2022-02-01 01:41:41,58.6978,81.4825,4.5,96,69,7.43
200,Isetskoye,RU,2022-02-01 01:41:42,56.4858,65.3226,-4.18,100,100,3.78
201,Canoinhas,BR,2022-02-01 01:41:42,-26.1772,-50.39,65.14,81,70,0.38
202,Arraial Do Cabo,BR,2022-02-01 01:40:55,-22.9661,-42.0278,75.16,94,0,5.75
203,Cidreira,BR,2022-02-01 01:40:12,-30.1811,-50.2056,72.95,87,2,1.66
204,Tuatapere,NZ,2022-02-01 01:41:43,-46.1333,167.6833,74.82,43,100,1.5
205,Monteagudo,BO,2022-02-01 01:41:43,-19.8167,-63.9833,65.1,96,100,2.28
206,Esperance,AU,2022-02-01 01:38:20,-33.8667,121.9,67.84,52,60,16.64
207,Georgetown,MY,2022-02-01 01:40:08,5.4112,100.3354,82.33,79,20,1.01
208,Evensk,RU,2022-02-01 01:41:44,61.95,159.2333,21.38,58,100,27.38
209,Majene,ID,2022-02-01 01:41:45,-3.5403,118.9707,85.55,59,100,3.09
210,Sisimiut,GL,2022-02-01 01:41:45,66.9395,-53.6735,5.67,88,100,5.19
211,Lensk,RU,2022-02-01 01:41:46,60.7253,114.9278,-1.52,96,100,5.79
212,Sioux Lookout,CA,2022-02-01 01:41:46,50.1001,-91.917,23.38,86,100,6.91
213,Jian,CN,2022-02-01 01:41:46,27.1172,114.9793,41.59,91,100,4.21
214,Rocha,UY,2022-02-01 01:41:47,-34.4833,-54.3333,57.94,66,2,3.09
215,San Miguelito,PA,2022-02-01 01:41:47,9.0333,-79.5,78.87,72,20,3.0
216,Jutai,BR,2022-02-01 01:41:48,-5.1833,-68.9,76.8,82,98,2.68
217,Mata Grande,BR,2022-02-01 01:41:48,-9.1175,-37.7322,72.46,69,6,5.88
218,Mar Del Plata,AR,2022-02-01 01:40:27,-38.0023,-57.5575,64.87,56,0,7.0
219,Bosaso,SO,2022-02-01 01:41:49,11.2842,49.1816,74.64,81,34,3.87
220,Coquimbo,CL,2022-02-01 01:41:49,-29.9533,-71.3436,64.13,82,75,8.05
221,Leningradskiy,RU,2022-02-01 01:41:50,69.3833,178.4167,-16.98,95,59,9.22
222,Ouegoa,NC,2022-02-01 01:42:50,-20.35,164.4333,86.81,59,96,2.91
223,Hambantota,LK,2022-02-01 01:42:51,6.1241,81.1185,73.74,100,20,5.75
224,Wonthaggi,AU,2022-02-01 01:42:51,-38.6044,145.5913,74.05,72,73,18.88
225,Killybegs,IE,2022-02-01 01:42:52,54.6333,-8.45,49.44,95,100,25.48
226,Coahuayana,MX,2022-02-01 01:42:52,18.7333,-103.6833,81.88,86,0,1.19
227,Port Hardy,CA,2022-02-01 01:42:53,50.6996,-127.4199,41.76,81,75,5.75
228,Eyl,SO,2022-02-01 01:42:53,7.9803,49.8164,75.63,78,90,13.62
229,Lira,UG,2022-02-01 01:42:54,2.235,32.9097,68.32,70,91,4.05
230,Tarpon Springs,US,2022-02-01 01:41:16,28.1461,-82.7568,57.38,85,0,0.0
231,Puro,PH,2022-02-01 01:42:54,12.4841,123.3827,80.67,77,39,13.6
232,Taltal,CL,2022-02-01 01:42:29,-25.4,-70.4833,65.79,78,0,3.18
233,Mezhdurechensk,RU,2022-02-01 01:42:55,53.6942,88.0603,12.31,97,100,1.39
234,Hun,LY,2022-02-01 01:42:56,29.1268,15.9477,50.14,43,26,8.95
235,Tessalit,ML,2022-02-01 01:42:56,20.1986,1.0114,61.92,10,12,8.75
236,Touros,BR,2022-02-01 01:42:57,-5.1989,-35.4608,77.9,75,32,11.18
237,Anchorage,US,2022-02-01 01:42:48,61.2181,-149.9003,21.27,86,0,3.44
238,Carutapera,BR,2022-02-01 01:42:57,-1.195,-46.02,73.06,87,100,8.28
239,Miri,MY,2022-02-01 01:42:58,4.4148,114.0089,77.14,94,40,0.0
240,Hasaki,JP,2022-02-01 01:42:58,35.7333,140.8333,46.29,36,100,0.85
241,Veshenskaya,RU,2022-02-01 01:42:58,49.6303,41.7334,29.95,89,86,16.15
242,Huaicheng,CN,2022-02-01 01:42:59,23.9051,112.1931,46.04,90,100,3.2
243,Altamira,BR,2022-02-01 01:41:08,-3.2033,-52.2064,72.84,98,100,2.19
244,Leninsk,RU,2022-02-01 01:42:59,48.7119,45.1994,33.66,92,100,10.94
245,Sharan,RU,2022-02-01 01:43:00,54.8167,54.0,27.07,88,100,17.58
246,Bell Ville,AR,2022-02-01 01:43:00,-32.6259,-62.6887,71.62,38,5,6.85
247,Mangrol,IN,2022-02-01 01:43:01,21.1167,70.1167,68.36,82,0,10.47
248,Tooele,US,2022-02-01 01:43:01,40.5308,-112.2983,35.1,86,0,0.0
249,Half Moon Bay,US,2022-02-01 01:42:46,37.4636,-122.4286,57.42,81,20,6.91
250,Inuvik,CA,2022-02-01 01:43:02,68.3499,-133.7218,-3.14,77,75,9.22
251,Namibe,AO,2022-02-01 01:38:21,-15.1961,12.1522,70.59,74,99,7.31
252,Pasighat,IN,2022-02-01 01:43:03,28.0667,95.3333,58.33,69,100,0.29
253,Linxia,CN,2022-02-01 01:43:03,35.6003,103.2064,18.43,75,100,0.83
254,Bang Saphan,TH,2022-02-01 01:43:03,11.2126,99.5117,78.75,73,13,1.43
255,Prachuap Khiri Khan,TH,2022-02-01 01:43:04,12.2167,99.75,81.68,73,9,2.66
256,Butaritari,KI,2022-02-01 01:43:05,3.0707,172.7902,81.88,78,100,12.75
257,Northam,GB,2022-02-01 01:43:05,51.0333,-4.2167,48.61,85,100,20.15
258,Faanui,PF,2022-02-01 01:43:05,-16.4833,-151.75,81.1,73,7,20.29
259,Oranjestad,AW,2022-02-01 01:43:06,12.524,-70.027,78.75,78,20,12.66
260,Prince Rupert,CA,2022-02-01 01:41:43,54.3161,-130.3201,38.89,87,100,0.0
261,Arlit,NE,2022-02-01 01:43:06,18.7369,7.3853,52.59,22,0,3.69
262,Isangel,VU,2022-02-01 01:43:07,-19.55,169.2667,82.51,89,75,6.91
263,Yar-Sale,RU,2022-02-01 01:43:07,66.8333,70.8333,-16.98,99,42,5.61
264,Tortoli,IT,2022-02-01 01:43:08,39.9256,9.6572,51.62,54,20,11.5
265,Mundi,IN,2022-02-01 01:43:08,22.0667,76.5,60.57,49,1,2.24
266,Deputatskiy,RU,2022-02-01 01:44:09,69.3,139.9,-20.18,99,100,2.98
267,Ismailia,EG,2022-02-01 01:44:10,30.6043,32.2723,49.32,88,1,7.76
268,Tautira,PF,2022-02-01 01:40:52,-17.7333,-149.15,84.22,78,27,19.48
269,Ust-Kuyga,RU,2022-02-01 01:44:10,70.0167,135.6,-31.43,100,99,2.51
270,Tonantins,BR,2022-02-01 01:44:11,-2.8731,-67.8022,77.36,83,91,1.32
271,Sturgis,US,2022-02-01 01:44:11,41.7992,-85.4192,26.64,80,0,9.22
272,Cairns,AU,2022-02-01 01:39:35,-16.9167,145.7667,88.11,76,75,8.05
273,Mingrelskaya,RU,2022-02-01 01:44:12,45.0134,38.3379,34.07,87,94,5.23
274,Batagay-Alyta,RU,2022-02-01 01:44:12,67.8006,130.4114,-21.06,99,97,3.38
275,Jalu,LY,2022-02-01 01:44:13,29.0331,21.5482,51.84,66,1,9.71
276,Flinders,AU,2022-02-01 01:44:13,-34.5833,150.8552,91.8,68,14,4.0
277,Khandbari,NP,2022-02-01 01:44:13,27.3747,87.2039,48.02,81,98,2.71
278,Novoagansk,RU,2022-02-01 01:44:14,61.9449,76.6625,5.5,97,100,4.21
279,Murgab,TM,2022-02-01 01:44:14,37.4966,61.9714,33.67,80,72,6.91
280,Kouqian,CN,2022-02-01 01:44:15,43.6391,126.4578,8.17,86,99,3.6
281,Nouadhibou,MR,2022-02-01 01:44:15,20.931,-17.0347,66.18,82,100,8.05
282,Lisakovsk,KZ,2022-02-01 01:44:16,52.5369,62.4936,13.01,96,100,6.26
283,Shache,CN,2022-02-01 01:44:16,38.4167,77.2406,27.72,42,76,1.05
284,Galveston,US,2022-02-01 01:44:17,29.3669,-94.9669,60.06,94,100,4.0
285,Thanh Hoa,VN,2022-02-01 01:44:17,19.8,105.7667,55.78,69,100,5.75
286,Kalat,PK,2022-02-01 01:44:18,29.0225,66.5916,38.12,35,0,2.17
287,Katsuura,JP,2022-02-01 01:44:18,35.1333,140.3,44.71,44,91,7.07
288,Marovoay,MG,2022-02-01 01:44:19,-16.1,46.6333,77.14,91,54,4.23
289,San Patricio,US,2022-02-01 01:44:19,28.017,-97.5169,66.29,94,98,11.9
290,Antofagasta,CL,2022-02-01 01:42:16,-23.65,-70.4,67.28,83,10,3.22
291,Ilulissat,GL,2022-02-01 01:44:20,69.2167,-51.1,8.62,72,75,10.36
292,Never,FR,2022-02-01 01:44:20,46.9896,3.159,34.81,1,9,4.5
293,Sorland,NO,2022-02-01 01:44:21,67.667,12.6934,33.67,57,100,14.16
294,Qaanaaq,GL,2022-02-01 01:44:21,77.484,-69.3632,-20.87,48,0,10.87
295,Pochutla,MX,2022-02-01 01:44:22,15.7432,-96.4661,79.83,76,0,6.6
296,Male,MV,2022-02-01 01:44:22,4.1748,73.5089,82.35,83,40,14.97
297,Chivay,PE,2022-02-01 01:44:23,-15.6383,-71.6011,46.11,80,100,4.94
298,George,ZA,2022-02-01 01:44:23,-33.963,22.4617,65.75,100,100,3.44
299,Tiksi,RU,2022-02-01 01:44:23,71.6872,128.8694,-11.04,100,100,5.7
300,Malinovoye Ozero,RU,2022-02-01 01:44:24,51.6753,79.7825,0.01,99,75,4.18
301,Egvekinot,RU,2022-02-01 01:44:24,66.3167,-179.1667,1.27,69,96,12.95
302,Mahebourg,MU,2022-02-01 01:44:25,-20.4081,57.7,79.25,78,75,18.41
303,Southbridge,US,2022-02-01 01:44:25,42.0751,-72.0334,18.19,76,10,2.44
304,Ercis,TR,2022-02-01 01:44:26,39.0287,43.3586,22.6,87,71,4.41
305,Buta,CD,2022-02-01 01:44:26,2.7858,24.73,66.88,66,67,2.24
306,Tokur,RU,2022-02-01 01:44:26,53.1333,132.9,-5.44,89,80,1.66
307,Akureyri,IS,2022-02-01 01:44:27,65.6835,-18.0878,22.93,93,100,8.05
308,Bilibino,RU,2022-02-01 01:44:27,68.0546,166.4372,6.1,70,100,5.59
309,Byron Bay,AU,2022-02-01 01:44:21,-28.65,153.6167,90.72,57,23,2.33
310,Rovaniemi,FI,2022-02-01 01:44:28,66.5,25.7167,-2.79,84,100,3.44
311,Isiolo,KE,2022-02-01 01:45:29,0.3546,37.5822,70.88,65,100,2.68
312,Talaya,RU,2022-02-01 01:45:29,61.3833,152.75,-8.19,94,100,6.76
313,Grindavik,IS,2022-02-01 01:45:30,63.8424,-22.4338,32.47,86,75,24.16
314,Ribeira Grande,PT,2022-02-01 01:45:30,38.5167,-28.7,60.12,74,19,12.86
315,Olafsvik,IS,2022-02-01 01:45:30,64.8945,-23.7142,23.92,79,73,11.39
316,Havelock,US,2022-02-01 01:45:31,34.8791,-76.9013,44.58,72,2,6.29
317,Dongsheng,CN,2022-02-01 01:45:32,39.8161,109.9776,10.96,37,0,2.93
318,Todos Santos,MX,2022-02-01 01:45:32,23.45,-110.2167,71.4,66,0,9.57
319,Bykov,RU,2022-02-01 01:45:33,47.3167,142.55,20.19,83,63,13.38
320,Palmas,BR,2022-02-01 01:45:33,-10.2128,-48.3603,78.67,83,20,6.91
321,Ostrovnoy,RU,2022-02-01 01:45:34,68.0531,39.5131,12.56,96,100,4.59
322,Kowary,PL,2022-02-01 01:45:34,50.7931,15.8356,33.62,92,96,32.99
323,Fort Nelson,CA,2022-02-01 01:41:19,58.8053,-122.7002,-4.41,84,40,4.61
324,Kirakira,SB,2022-02-01 01:45:35,-10.4544,161.9205,84.09,75,90,6.06
325,Kuminskiy,RU,2022-02-01 01:45:35,58.6667,66.5667,-6.48,100,64,2.42
326,Buala,SB,2022-02-01 01:45:36,-8.145,159.5921,85.69,64,100,3.06
327,Norfolk,US,2022-02-01 01:45:28,42.1668,-71.2495,21.92,77,9,1.48
328,Troitsko-Pechorsk,RU,2022-02-01 01:45:37,62.7084,56.1964,-9.85,100,98,2.01
329,Obidos,BR,2022-02-01 01:45:37,-1.9175,-55.5181,74.5,93,83,3.76
330,Zhangjiakou,CN,2022-02-01 01:45:38,40.81,114.8794,10.63,50,1,4.5
331,Lagoa,PT,2022-02-01 01:45:38,39.05,-27.9833,58.87,75,31,22.84
332,Mwinilunga,ZM,2022-02-01 01:45:38,-11.7358,24.4293,59.72,99,59,3.36
333,Charlestown,AU,2022-02-01 01:45:39,-32.95,151.6667,98.22,60,1,3.0
334,Sulmona,IT,2022-02-01 01:45:40,42.0479,13.9291,43.05,98,100,12.53
335,Iranshahr,IR,2022-02-01 01:45:40,27.2025,60.6848,59.86,39,0,3.62
336,Plettenberg Bay,ZA,2022-02-01 01:45:41,-34.0527,23.3716,73.63,80,100,3.67
337,Kalmanka,RU,2022-02-01 01:45:41,52.8992,83.5433,11.5,97,95,4.45
338,Sambava,MG,2022-02-01 01:45:42,-14.2667,50.1667,76.03,87,100,8.32
339,Palmer,US,2022-02-01 01:43:30,42.1584,-72.3287,18.03,71,0,3.44
340,Alamosa,US,2022-02-01 01:44:22,37.4695,-105.87,28.38,54,0,5.75
341,San Quintin,MX,2022-02-01 01:45:43,30.4833,-115.95,58.55,73,100,6.93
342,Nalut,LY,2022-02-01 01:45:43,30.3333,10.85,45.16,38,69,10.16
343,Wattegama,LK,2022-02-01 01:45:43,6.7989,81.4808,72.52,74,65,3.98
344,Metro,ID,2022-02-01 01:44:12,-5.1131,105.3067,79.77,80,100,5.19
345,Dikson,RU,2022-02-01 01:45:44,73.5069,80.5464,-0.9,89,100,19.08
346,Neuquen,AR,2022-02-01 01:45:45,-38.9516,-68.0591,75.09,33,0,2.3
347,Mantua,IT,2022-02-01 01:45:45,45.1667,10.7833,43.75,69,21,4.0
348,Namatanai,PG,2022-02-01 01:45:46,-3.6667,152.4333,84.04,69,100,7.25
349,Okhotsk,RU,2022-02-01 01:45:46,59.3833,143.3,9.16,76,100,16.04
350,Aldan,RU,2022-02-01 01:45:47,58.6031,125.3894,-7.98,96,100,3.36
351,Methoni,GR,2022-02-01 01:45:47,36.8197,21.7049,55.22,72,89,24.79
352,Horodyshche,UA,2022-02-01 01:45:48,49.2849,31.4451,24.64,91,95,10.33
353,Cabo San Lucas,MX,2022-02-01 01:44:46,22.8909,-109.9124,71.91,61,0,8.05
354,Chapleau,CA,2022-02-01 01:45:48,47.8405,-83.4034,15.89,79,100,10.36
355,Woodward,US,2022-02-01 01:46:49,36.4337,-99.3904,58.73,41,0,14.97
356,Lusaka,ZM,2022-02-01 01:45:59,-15.4067,28.2871,59.54,98,27,4.83
357,Sinnamary,GF,2022-02-01 01:46:49,5.3833,-52.95,76.19,88,100,9.08
358,Bangkal,PH,2022-02-01 01:46:50,6.0667,121.0667,84.45,67,85,3.89
359,Dacice,CZ,2022-02-01 01:46:50,49.0815,15.4373,33.19,93,92,12.48
360,Minna,NG,2022-02-01 01:46:51,9.6139,6.5569,70.25,14,40,9.46
361,Hithadhoo,MV,2022-02-01 01:46:51,-0.6,73.0833,82.44,72,12,12.33
362,Trincomalee,LK,2022-02-01 01:46:52,8.5711,81.2335,79.77,66,32,9.17
363,Sterling,US,2022-02-01 01:46:52,39.0062,-77.4286,31.05,64,75,3.44
364,Vestmanna,FO,2022-02-01 01:46:53,62.1564,-7.1664,41.92,87,100,34.52
365,Adamovka,RU,2022-02-01 01:46:53,51.5223,59.9396,9.14,100,90,5.66
366,Kathu,TH,2022-02-01 01:46:54,7.9178,98.3332,83.62,74,78,10.89
367,Palafrugell,ES,2022-02-01 01:46:54,41.9174,3.1631,50.27,19,28,26.78
368,Whitehorse,CA,2022-02-01 01:46:54,60.7161,-135.0538,-6.83,71,0,4.61
369,Chicama,PE,2022-02-01 01:46:55,-7.8447,-79.1469,66.74,73,21,4.34
370,Khadyzhensk,RU,2022-02-01 01:46:55,44.4256,39.5319,35.26,88,37,7.16
371,Guerrero Negro,MX,2022-02-01 01:44:20,27.9769,-114.0611,61.54,69,7,10.92
372,Saint-Avertin,FR,2022-02-01 01:46:56,47.3636,0.7399,36.55,72,20,1.01
373,Pyatnitskoye,RU,2022-02-01 01:46:56,50.4233,37.8273,28.15,95,100,13.87
374,Chulym,RU,2022-02-01 01:46:57,55.0997,80.9572,8.89,97,95,8.9
375,Ca Mau,VN,2022-02-01 01:46:58,9.1769,105.15,84.42,64,34,11.99
376,Banfora,BF,2022-02-01 01:46:58,10.6333,-4.7667,72.52,15,5,4.92
377,Sharjah,AE,2022-02-01 01:46:59,25.3573,55.4033,68.25,80,0,3.44
378,Solnechnyy,RU,2022-02-01 01:46:59,50.7214,136.6319,4.17,91,99,2.64
379,Pyay,MM,2022-02-01 01:47:00,18.8167,95.2167,66.47,35,100,2.19
380,Kushmurun,KZ,2022-02-01 01:47:00,52.4503,64.6311,23.2,96,100,10.67
381,Mandan,US,2022-02-01 01:47:00,46.8267,-100.8896,38.98,92,40,14.97
382,Labuan,MY,2022-02-01 01:47:01,5.2767,115.2417,84.56,70,20,3.0
383,Roald,NO,2022-02-01 01:47:02,62.5833,6.1333,32.32,80,100,10.36
384,Mareeba,AU,2022-02-01 01:46:56,-17.0,145.4333,83.48,85,66,5.66
385,Agadez,NE,2022-02-01 01:47:02,19.75,10.25,48.83,28,0,5.53
386,Faya,SA,2022-02-01 01:47:03,18.3851,42.4509,52.32,83,13,5.95
387,Kuching,MY,2022-02-01 01:47:03,1.55,110.3333,82.62,78,20,3.44
388,Palembang,ID,2022-02-01 01:47:03,-2.9167,104.7458,80.69,89,20,3.44
389,Los Llanos De Aridane,ES,2022-02-01 01:47:04,28.6585,-17.9182,57.13,59,0,7.0
390,Camocim,BR,2022-02-01 01:47:05,-2.9022,-40.8411,77.97,81,62,11.72
391,Asuncion,PY,2022-02-01 01:42:56,-25.3007,-57.6359,87.24,29,0,6.91
392,Geraldton,AU,2022-02-01 01:47:05,-28.7667,114.6,82.81,39,7,20.71
393,Kibala,TD,2022-02-01 01:47:06,9.1104,18.3463,67.95,19,0,5.21
394,Port Blair,IN,2022-02-01 01:47:06,11.6667,92.75,71.64,83,40,2.3
395,Ilinskiy,RU,2022-02-01 01:47:07,55.619,38.1182,29.08,100,100,0.0
396,Fort Saint James,CA,2022-02-01 01:47:07,54.4333,-124.25,10.42,99,100,2.42
397,Ucluelet,CA,2022-02-01 01:45:05,48.9329,-125.5528,43.11,85,6,13.02
398,Matai,TZ,2022-02-01 01:47:08,-8.3,31.5167,56.88,96,100,1.79
399,Santa Rosa,PH,2022-02-01 01:45:54,14.3122,121.1114,84.09,65,69,15.39
400,Vostok,RU,2022-02-01 01:47:08,46.4856,135.8833,4.75,86,99,4.38
401,Goulburn,AU,2022-02-01 01:47:09,-34.75,149.7167,87.58,32,92,11.83
402,Coruripe,BR,2022-02-01 01:48:09,-10.1256,-36.1756,78.26,80,5,7.92
403,Lamu,KE,2022-02-01 01:48:10,-2.2717,40.902,77.22,86,97,7.96
404,Coihaique,CL,2022-02-01 01:46:26,-45.5752,-72.0662,58.95,58,100,8.05
405,North Bend,US,2022-02-01 01:48:10,43.4065,-124.2243,44.85,94,40,4.61
406,Dicabisagan,PH,2022-02-01 01:48:11,17.0818,122.4157,73.8,87,99,7.45
407,Puerto El Triunfo,SV,2022-02-01 01:46:47,13.2833,-88.55,81.52,70,0,7.18
408,Alofi,NU,2022-02-01 01:48:12,-19.0595,-169.9187,78.69,83,75,2.3
409,Kloulklubed,PW,2022-02-01 01:48:12,7.0419,134.2556,82.9,72,100,17.31
410,Lagos,NG,2022-02-01 01:48:13,6.5833,3.75,77.32,91,8,2.91
411,Poronaysk,RU,2022-02-01 01:48:13,49.2167,143.1167,16.18,70,96,10.13
412,Baykit,RU,2022-02-01 01:48:14,61.67,96.37,-5.91,100,100,0.6
413,Tobol,KZ,2022-02-01 01:48:14,52.6844,62.5794,14.13,95,100,6.89
414,Prince George,CA,2022-02-01 01:45:05,53.9166,-122.753,22.28,93,100,5.75
415,Port Lincoln,AU,2022-02-01 01:48:15,-34.7333,135.8667,66.0,55,21,21.05
416,Kunda,IN,2022-02-01 01:48:16,25.7167,81.5167,53.24,72,0,3.62
417,Khani,GE,2022-02-01 01:48:16,41.9563,42.9566,31.57,84,100,5.21
418,Kununurra,AU,2022-02-01 01:48:16,-15.7667,128.7333,85.98,66,75,16.11
419,Freeport,US,2022-02-01 01:44:43,40.6576,-73.5832,28.02,68,0,1.01
420,Rapar,IN,2022-02-01 01:48:17,23.5667,70.6333,64.54,88,0,7.25
421,Nelson Bay,AU,2022-02-01 01:48:18,-32.7167,152.15,93.29,66,0,3.0
422,Nushki,PK,2022-02-01 01:48:18,29.5542,66.0215,49.23,41,0,3.6
423,Toritama,BR,2022-02-01 01:48:19,-8.0067,-36.0567,72.46,86,6,3.18
424,Kamenka,RU,2022-02-01 01:48:19,51.3223,42.7678,31.75,90,100,15.66
425,Fuerte,PH,2022-02-01 01:48:20,17.5381,120.3644,83.1,73,10,4.65
426,Santa Isabel Do Rio Negro,BR,2022-02-01 01:48:20,-0.4139,-65.0192,75.33,80,100,3.0
427,Izhma,RU,2022-02-01 01:48:21,65.0083,53.9113,-1.46,98,99,4.43
428,Caernarfon,GB,2022-02-01 01:48:21,53.1413,-4.2702,49.8,45,100,11.5
429,Clyde River,CA,2022-02-01 01:48:22,70.4692,-68.5914,-25.37,75,100,2.3
430,Yulara,AU,2022-02-01 01:48:22,-25.2406,130.9889,69.64,100,100,11.5
431,Tyret Pervaya,RU,2022-02-01 01:48:23,53.6703,102.3106,-9.11,99,100,2.3
432,Pontes E Lacerda,BR,2022-02-01 01:48:23,-15.2261,-59.3353,70.25,98,100,4.9
433,Tambo,PE,2022-02-01 01:48:24,-14.8,-73.9167,35.24,94,100,5.97
434,Genhe,CN,2022-02-01 01:48:24,50.7833,121.5167,-4.86,89,96,2.86
435,Kupino,RU,2022-02-01 01:48:25,54.3663,77.2981,11.52,93,87,11.16
436,Manavalakurichi,IN,2022-02-01 01:48:25,8.1333,77.3,78.89,80,2,8.68
437,Husavik,IS,2022-02-01 01:48:26,66.0449,-17.3389,22.91,90,100,16.17
438,Pafos,CY,2022-02-01 01:48:26,34.7667,32.4167,44.38,87,100,8.05
439,Marzuq,YE,2022-02-01 01:48:27,14.4,46.4667,58.37,66,55,5.46
440,Korla,CN,2022-02-01 01:48:27,41.7597,86.1469,22.23,54,9,1.59
441,Odienne,CI,2022-02-01 01:48:28,9.51,-7.5692,72.32,16,93,3.56
442,Inhambane,MZ,2022-02-01 01:48:28,-23.865,35.3833,77.27,75,76,5.97
443,Alakurtti,RU,2022-02-01 01:48:29,66.9672,30.3491,1.04,99,99,2.95
444,Bereda,ES,2022-02-01 01:48:29,43.2686,-7.5406,47.91,93,13,7.05
445,Srednekolymsk,RU,2022-02-01 01:48:30,67.45,153.6833,-12.42,89,100,3.65
446,Udachnyy,RU,2022-02-01 01:48:31,66.4167,112.4,-36.26,100,78,3.47
447,Hualmay,PE,2022-02-01 01:48:31,-11.0964,-77.6139,70.9,82,29,7.9
448,Muli,MV,2022-02-01 01:49:32,2.9167,73.5667,82.0,78,17,12.19
449,Zharkent,KZ,2022-02-01 01:49:32,44.1628,80.0,24.64,68,100,1.77
450,Champerico,GT,2022-02-01 01:49:33,14.3,-91.9167,79.36,71,8,2.53
451,Doka,SD,2022-02-01 01:49:33,13.5167,35.7667,65.44,19,4,11.43
452,Vila Franca Do Campo,PT,2022-02-01 01:49:34,37.7167,-25.4333,58.19,77,52,13.56
453,Severo-Kurilsk,RU,2022-02-01 01:49:34,50.6789,156.125,28.87,74,100,18.39
454,Kadoma,JP,2022-02-01 01:49:35,34.7333,135.5833,51.66,49,20,2.3
455,Cherdyn,RU,2022-02-01 01:49:35,60.403,56.4787,5.95,98,96,3.96
456,Pacific Grove,US,2022-02-01 01:49:36,36.6177,-121.9166,56.43,86,0,5.99
457,Tomatlan,MX,2022-02-01 01:49:36,19.9333,-105.25,67.93,62,0,2.01
458,Umm Lajj,SA,2022-02-01 01:49:37,25.0213,37.2685,59.76,53,0,10.45
459,Mahon,ES,2022-02-01 01:49:37,39.8885,4.2658,50.56,62,40,33.38
460,Viedma,AR,2022-02-01 01:49:38,-40.8135,-62.9967,68.09,28,1,10.0
461,Paamiut,GL,2022-02-01 01:49:38,61.994,-49.6678,19.69,77,100,12.46
462,Serafimovich,RU,2022-02-01 01:49:38,49.5786,42.736,33.62,87,100,15.68
463,Malakal,SS,2022-02-01 01:49:39,9.5334,31.6605,69.6,18,37,9.62
464,Durban,ZA,2022-02-01 01:49:39,-29.8579,31.0292,76.93,92,85,1.99
465,Elko,US,2022-02-01 01:49:40,41.0002,-115.5012,33.82,65,43,6.2
466,Gizo,SB,2022-02-01 01:49:40,-8.103,156.8419,84.33,73,100,6.58
467,Poum,NC,2022-02-01 01:49:41,-20.2333,164.0167,81.03,74,55,14.47
468,Westport,US,2022-02-01 01:45:44,41.1415,-73.3579,24.8,67,0,1.01
469,Tiznit,MA,2022-02-01 01:49:42,29.5833,-9.5,62.89,42,100,5.19
470,Manta,EC,2022-02-01 01:49:42,-0.95,-80.7333,76.78,83,75,6.91
471,Gangtok,IN,2022-02-01 01:49:43,27.3333,88.6167,38.26,90,99,1.36
472,Abha,SA,2022-02-01 01:49:43,18.2164,42.5053,52.05,82,0,5.75
473,Keuruu,FI,2022-02-01 01:49:44,62.2667,24.7,15.98,94,100,5.77
474,Umuahia,NG,2022-02-01 01:49:44,5.5263,7.4896,69.58,39,13,0.96
475,Seabra,BR,2022-02-01 01:49:45,-12.4186,-41.7703,66.51,89,6,1.9
476,Burgeo,CA,2022-02-01 01:49:45,47.6167,-57.6152,16.77,84,98,12.68
477,Isla Vista,US,2022-02-01 01:49:45,34.4133,-119.861,59.68,71,0,6.91
478,Ho Chi Minh City,VN,2022-02-01 01:49:07,10.75,106.6667,82.42,69,20,11.5
479,Mount Isa,AU,2022-02-01 01:49:46,-20.7333,139.5,89.37,55,40,12.66
480,Jiuquan,CN,2022-02-01 01:49:46,39.7432,98.5174,17.76,26,100,2.19
481,Madarounfa,NE,2022-02-01 01:49:47,13.3087,7.156,56.08,12,15,12.06
482,Takoradi,GH,2022-02-01 01:49:48,4.8845,-1.7554,77.09,86,100,3.31
483,Pontalina,BR,2022-02-01 01:49:48,-17.525,-49.4472,67.48,92,100,2.57
484,Acarau,BR,2022-02-01 01:49:49,-2.8856,-40.12,78.58,78,69,11.79
485,Katra,IN,2022-02-01 01:49:49,32.9833,74.95,42.76,67,0,8.3
486,Dauphin,CA,2022-02-01 01:49:50,51.1494,-100.0502,15.94,86,100,11.5
487,Fairbanks,US,2022-02-01 01:47:31,64.8378,-147.7164,-16.02,71,0,0.0
488,Tual,ID,2022-02-01 01:49:51,-5.6667,132.75,83.71,72,100,20.62
489,Rockland,US,2022-02-01 01:46:45,41.1668,-74.0496,24.49,70,15,2.33
490,Torbay,CA,2022-02-01 01:46:18,47.6666,-52.7314,32.58,74,75,16.11
491,Bethel,US,2022-02-01 01:49:52,41.3712,-73.414,22.66,65,0,0.0
492,Port Keats,AU,2022-02-01 01:49:52,-14.25,129.55,82.76,78,47,23.58
493,Japura,ID,2022-02-01 01:49:53,-0.3167,102.35,80.71,80,98,1.81
494,Pangnirtung,CA,2022-02-01 01:50:53,66.1451,-65.7125,-29.9,94,97,4.76
495,Kungurtug,RU,2022-02-01 01:50:54,50.5994,97.5228,-17.66,97,36,1.21
496,Vanavara,RU,2022-02-01 01:50:54,60.34,102.2797,-13.95,100,90,1.95
497,Lewistown,US,2022-02-01 01:50:55,40.5992,-77.5714,27.34,68,75,0.0
498,Fortuna,US,2022-02-01 01:50:55,40.5982,-124.1573,48.54,80,100,4.0
499,Sobolevo,RU,2022-02-01 01:50:56,54.4299,31.8996,23.45,96,100,7.47
500,Kruisfontein,ZA,2022-02-01 01:50:56,-34.0033,24.7314,70.88,96,98,3.8
501,Nador,MA,2022-02-01 01:50:56,35.174,-2.9287,64.65,39,0,12.66
502,Sohag,EG,2022-02-01 01:50:57,26.557,31.6948,48.07,79,5,3.91
503,Tawang,IN,2022-02-01 01:50:57,27.5833,91.8667,27.45,77,91,0.49
504,Salto Del Guaira,PY,2022-02-01 01:50:58,-24.0625,-54.3069,77.09,87,75,2.77
505,Omboue,GA,2022-02-01 01:50:58,-1.5746,9.2618,77.54,87,91,4.72
506,Savannah Bight,HN,2022-02-01 01:50:59,16.45,-85.85,72.0,65,6,16.8
507,Karratha,AU,2022-02-01 01:50:59,-20.7377,116.8463,91.36,52,100,8.79
508,Kutum,SD,2022-02-01 01:51:00,14.2,24.6667,47.12,30,1,6.58
509,Havre,FR,2022-02-01 01:51:00,49.5833,0.3333,46.17,81,75,13.8
510,Mnogovershinnyy,RU,2022-02-01 01:51:00,53.9353,139.9242,1.13,83,100,7.29
511,Muros,ES,2022-02-01 01:51:01,42.7762,-9.0603,50.09,77,0,12.55
512,Smithers,CA,2022-02-01 01:51:01,54.7804,-127.1743,28.72,86,75,3.44
513,Honningsvag,NO,2022-02-01 01:51:02,70.9821,25.9704,28.44,76,100,10.76
514,Toamasina,MG,2022-02-01 01:51:02,-18.1667,49.3833,75.2,88,40,6.91
515,Sfantu Gheorghe,RO,2022-02-01 01:51:03,45.8667,25.7833,23.67,96,100,1.32
516,Salalah,OM,2022-02-01 01:51:03,17.0151,54.0924,65.86,67,0,3.94
517,Berlevag,NO,2022-02-01 01:51:04,70.8578,29.0864,22.41,76,51,8.52
518,Singkawang,ID,2022-02-01 01:51:04,0.9,109.0,83.48,68,100,3.24
519,Chaupal,IN,2022-02-01 01:51:04,30.95,77.5833,30.29,70,0,5.46
520,Valparaiso,CL,2022-02-01 01:51:05,-33.0393,-71.6273,66.47,79,0,4.61
521,Sosva,RU,2022-02-01 01:51:05,59.1766,61.8558,-5.57,100,93,3.11
522,Atambua,ID,2022-02-01 01:51:06,-9.1061,124.8925,78.24,78,57,13.94
523,Dondo,MZ,2022-02-01 01:51:07,-19.6094,34.7431,74.71,90,1,3.42
524,Rabo De Peixe,PT,2022-02-01 01:51:07,37.8,-25.5833,56.71,95,40,5.75
525,Tumaco,CO,2022-02-01 01:51:08,1.7986,-78.8156,74.93,88,63,3.09
526,Alexandria,EG,2022-02-01 01:49:31,31.2156,29.9553,49.96,93,20,3.44
527,Cabedelo,BR,2022-02-01 01:51:08,-6.9811,-34.8339,77.67,76,25,9.95
528,Jizan,SA,2022-02-01 01:51:09,17.3333,42.6667,77.94,79,9,5.08
529,Svetlogorsk,BY,2022-02-01 01:51:09,52.6333,29.7333,24.01,94,100,11.77
530,Mata,PT,2022-02-01 01:51:10,40.683,-7.4592,43.93,74,0,7.11
531,Sangueya,GN,2022-02-01 01:51:10,10.7,-14.3667,72.18,92,100,2.53
532,Henties Bay,NA,2022-02-01 01:51:11,-22.116,14.2845,68.86,79,100,8.57
533,Corn Island,NI,2022-02-01 01:51:11,12.1694,-83.0418,78.69,71,93,19.71
534,Amberley,US,2022-02-01 01:51:12,39.2048,-84.428,33.06,73,0,1.01
535,Novaya Mayna,RU,2022-02-01 01:51:12,54.15,49.75,32.04,95,100,15.03
536,Celina,US,2022-02-01 01:48:40,40.5489,-84.5702,28.85,78,88,7.85
537,Bermejo,AR,2022-02-01 01:51:13,-32.8833,-68.8,76.91,47,0,2.3
538,Qui Nhon,VN,2022-02-01 01:51:13,13.7667,109.2333,74.37,88,99,11.18
539,Fez,MA,2022-02-01 01:51:14,34.0372,-4.9998,50.25,43,0,9.22
540,Lazaro Cardenas,MX,2022-02-01 01:51:50,17.9583,-102.2,75.33,73,0,5.86
541,Flin Flon,CA,2022-02-01 01:52:15,54.7682,-101.865,5.88,93,100,14.52
542,Cockburn Town,TC,2022-02-01 01:52:15,21.4612,-71.1419,74.19,71,99,21.52
543,Saint-Pierre,RE,2022-02-01 01:52:15,-21.3393,55.4781,78.48,69,40,12.66
544,Abilene,US,2022-02-01 01:52:16,32.4487,-99.7331,57.45,59,0,1.99
545,College,US,2022-02-01 01:52:16,64.8569,-147.8028,-16.02,71,0,0.0
546,Bairnsdale,AU,2022-02-01 01:52:17,-37.8333,147.6167,92.46,67,11,1.99
547,San Joaquin,US,2022-02-01 01:52:18,37.9333,-121.3011,59.25,65,0,10.36
548,Pedernales,DO,2022-02-01 01:52:18,18.0384,-71.744,74.57,81,9,4.61
549,Olga,RU,2022-02-01 01:52:18,43.7444,135.2892,17.19,49,0,7.81
550,Volokolamsk,RU,2022-02-01 01:52:19,56.0336,35.9694,17.24,98,100,3.38
551,Atar,MR,2022-02-01 01:52:19,20.5169,-13.0499,78.42,14,100,8.16
552,Antalaha,MG,2022-02-01 01:52:20,-14.9003,50.2788,75.34,85,84,7.38
553,Broken Hill,AU,2022-02-01 01:52:20,-31.95,141.4333,74.91,88,75,9.22
554,Clocolan,ZA,2022-02-01 01:52:20,-28.9137,27.5656,62.51,85,100,1.03
555,Clinton,US,2022-02-01 01:49:28,42.587,-82.9199,24.06,84,40,1.01
556,Hobyo,SO,2022-02-01 01:52:21,5.3505,48.5268,77.11,82,54,12.97
557,Tala,EG,2022-02-01 01:52:22,30.6803,30.9429,49.68,87,39,5.03
558,Bilma,NE,2022-02-01 01:52:22,18.6853,12.9164,51.12,25,0,3.31
559,Labrea,BR,2022-02-01 01:52:23,-7.2586,-64.7981,72.68,99,97,2.93
560,Antibes,FR,2022-02-01 01:52:23,43.5624,7.1278,52.11,61,0,12.66
561,Aripuana,BR,2022-02-01 01:52:23,-9.1667,-60.6333,71.47,97,100,1.79
562,Kismayo,SO,2022-02-01 01:52:24,-0.3582,42.5454,76.64,80,89,11.32
563,Imbituba,BR,2022-02-01 01:52:24,-28.24,-48.6703,76.89,91,31,2.75
564,Itarema,BR,2022-02-01 01:52:25,-2.9248,-39.9167,78.69,77,61,10.98
565,Norton,ZW,2022-02-01 01:52:25,-17.8833,30.7,60.98,96,57,7.43
566,Mackay,AU,2022-02-01 01:52:26,-21.15,149.2,94.68,70,40,11.5
567,Avera,US,2022-02-01 01:52:26,33.194,-82.5271,44.71,54,22,4.94
568,Nantucket,US,2022-02-01 01:52:26,41.2835,-70.0995,28.15,64,0,9.22
569,Amazar,RU,2022-02-01 01:52:27,53.858,120.875,1.17,74,100,4.45
570,Uyskoye,RU,2022-02-01 01:52:27,54.3775,60.0047,5.2,97,100,4.14
571,Coos Bay,US,2022-02-01 01:51:24,43.3665,-124.2179,44.92,95,40,4.61
572,Deming,US,2022-02-01 01:52:28,32.2687,-107.7586,57.09,19,0,19.57
573,Minab,IR,2022-02-01 01:52:28,27.1467,57.0801,62.1,100,0,0.0
574,Yeppoon,AU,2022-02-01 01:52:29,-23.1333,150.7333,91.18,61,100,11.1
575,Rocky Mountain House,CA,2022-02-01 01:52:29,52.3668,-114.9188,10.15,61,79,3.44
576,Jinchang,CN,2022-02-01 01:52:30,38.4953,102.1739,18.86,32,100,1.36
577,Bara,NG,2022-02-01 01:48:00,10.3744,10.7288,60.6,25,2,8.19
578,Ormara,PK,2022-02-01 01:52:30,25.2088,64.6357,71.69,39,0,7.18
579,Sistranda,NO,2022-02-01 01:52:31,63.7256,8.834,31.89,81,100,17.98
580,Turinskaya Sloboda,RU,2022-02-01 01:52:31,57.6232,64.3858,-5.75,100,50,3.51
581,Shimoda,JP,2022-02-01 01:52:32,34.6667,138.95,48.56,50,0,19.37
582,Morondava,MG,2022-02-01 01:52:32,-20.2833,44.2833,77.67,84,6,7.18
583,Portland,US,2022-02-01 01:52:13,45.5234,-122.6762,45.01,86,75,5.01
584,Bathsheba,BB,2022-02-01 01:52:33,13.2167,-59.5167,79.41,78,75,12.66
585,Necochea,AR,2022-02-01 01:50:06,-38.5473,-58.7368,55.04,54,21,11.48
586,Neiafu,TO,2022-02-01 01:52:34,-18.65,-173.9833,84.88,70,20,6.91
587,Svetlyy,RU,2022-02-01 01:52:34,54.675,20.1347,32.05,63,99,14.67
588,Shakhtinsk,KZ,2022-02-01 01:53:34,49.71,72.5872,3.76,100,53,3.94
589,Bria,CF,2022-02-01 01:53:35,6.5423,21.9863,66.38,27,63,3.51
590,Oistins,BB,2022-02-01 01:53:36,13.0667,-59.5333,78.89,78,75,12.66
591,Norman Wells,CA,2022-02-01 01:53:36,65.282,-126.8329,5.04,72,100,13.8
592,Ustka,PL,2022-02-01 01:53:36,54.5805,16.8619,33.91,63,100,11.92
593,Asyut,EG,2022-02-01 01:53:37,27.181,31.1837,47.23,73,5,3.87
594,Kholodnyy,RU,2022-02-01 01:53:37,62.7167,147.95,-1.95,93,100,4.32
595,Abu Dhabi,AE,2022-02-01 01:53:04,24.4667,54.3667,66.96,95,100,2.3
596,Port-Gentil,GA,2022-02-01 01:53:38,-0.7193,8.7815,80.78,78,90,8.3
597,Morant Bay,JM,2022-02-01 01:53:39,17.8815,-76.4093,76.66,84,27,13.35
598,Belaya Gora,RU,2022-02-01 01:53:39,68.5333,146.4167,-13.59,94,100,2.35
599,Yining,CN,2022-02-01 01:49:27,29.0361,114.5636,39.15,95,100,3.36
600,Olden,NO,2022-02-01 01:53:40,61.8364,6.8064,30.99,90,100,9.13
601,Burnie,AU,2022-02-01 01:53:40,-41.0667,145.9167,77.92,49,3,15.73
602,Kemijarvi,FI,2022-02-01 01:53:40,66.7131,27.4306,-5.67,100,86,3.13
603,Khandyga,RU,2022-02-01 01:53:41,62.6667,135.6,-25.74,97,92,1.03
604,Asilah,MA,2022-02-01 01:53:41,35.465,-6.0348,55.26,67,0,1.28
605,Bandarbeyla,SO,2022-02-01 01:53:42,9.4942,50.8122,75.81,80,80,12.97
606,Assai,BR,2022-02-01 01:53:42,-23.3733,-50.8414,71.46,96,99,2.39
607,Soyo,AO,2022-02-01 01:53:43,-6.1349,12.3689,78.03,87,100,6.06
608,Nicoya,CR,2022-02-01 01:53:43,10.1483,-85.452,74.75,75,77,10.2
609,Rengali,IN,2022-02-01 01:53:44,21.6333,84.05,59.47,44,6,2.55
610,Villa Carlos Paz,AR,2022-02-01 01:53:44,-31.4241,-64.4978,69.24,42,0,1.99
611,Havre-Saint-Pierre,CA,2022-02-01 01:53:44,50.2334,-63.5986,10.99,72,75,6.91
612,Yen Bai,VN,2022-02-01 01:53:45,21.7,104.8667,54.77,79,100,0.96
613,Phuket,TH,2022-02-01 01:53:45,8.0,98.25,82.62,74,20,11.5
614,Yuxia,CN,2022-02-01 01:53:46,34.0615,108.6291,27.21,53,33,3.76
615,Bisert,RU,2022-02-01 01:53:46,56.8617,59.0523,15.46,97,100,4.09
616,Sillod,IN,2022-02-01 01:53:47,20.3,75.65,55.0,36,0,6.44
617,Dovers,VC,2022-02-01 01:53:47,12.8833,-61.1833,78.49,78,18,14.45
