City_ID,City,Lat,Lng,Max Temp,Humidity,Cloudiness,Wind Speed,Description,Country,Date
0,Castro,-24.7911,-50.0119,80.06,44,17,1.99,few clouds,BR,2022-02-12 19:27:31
1,Ushuaia,-54.8,-68.3,47.86,53,40,37.98,scattered clouds,AR,2022-02-12 19:27:31
2,Matara,5.9485,80.5353,75.33,91,100,4.18,overcast clouds,LK,2022-02-12 19:27:32
3,Bredasdorp,-34.5322,20.0403,68.29,76,100,5.37,overcast clouds,ZA,2022-02-12 19:27:32
4,Lagoa,39.05,-27.9833,60.17,88,100,22.66,overcast clouds,PT,2022-02-12 19:27:33
5,East London,-33.0153,27.9116,77.43,86,0,12.86,clear sky,ZA,2022-02-12 19:27:33
6,Krasnoselkup,65.7,82.4667,-6.47,91,6,12.17,clear sky,RU,2022-02-12 19:27:33
7,Rodrigues Alves,-7.738,-72.6509,80.8,71,100,3.33,overcast clouds,BR,2022-02-12 19:27:34
8,Puerto Cabezas,14.0351,-83.3888,84.16,74,75,6.91,broken clouds,NI,2022-02-12 19:27:34
9,Georgetown,5.4112,100.3354,81.95,78,20,5.75,few clouds,MY,2022-02-12 19:23:26
10,Rosetta,31.4044,30.4164,57.02,77,0,13.53,clear sky,EG,2022-02-12 19:27:35
11,Iqaluit,63.7506,-68.5145,-22.27,57,40,0.0,scattered clouds,CA,2022-02-12 19:27:35
12,Talara,-4.5772,-81.2719,84.96,51,0,12.66,clear sky,PE,2022-02-12 19:24:02
13,Qaanaaq,77.484,-69.3632,-20.29,47,0,8.5,clear sky,GL,2022-02-12 19:27:36
14,Abu Dhabi,24.4667,54.3667,71.71,67,0,3.44,clear sky,AE,2022-02-12 19:23:05
15,Kidal,18.4411,1.4078,75.63,10,0,7.87,clear sky,ML,2022-02-12 19:27:37
16,Kashan,33.9831,51.4364,51.39,76,0,0.0,clear sky,IR,2022-02-12 19:27:37
17,Cape Town,-33.9258,18.4232,71.1,81,0,16.11,clear sky,ZA,2022-02-12 19:26:49
18,Comodoro Rivadavia,-45.8667,-67.5,85.86,23,0,11.5,clear sky,AR,2022-02-12 19:27:37
19,Hermanus,-34.4187,19.2345,68.81,86,100,8.14,overcast clouds,ZA,2022-02-12 19:27:38
20,Tasiilaq,65.6145,-37.6368,10.56,65,100,3.67,overcast clouds,GL,2022-02-12 19:27:38
21,Rocha,-34.4833,-54.3333,67.08,96,100,14.9,overcast clouds,UY,2022-02-12 19:26:26
22,Dikson,73.5069,80.5464,-2.11,77,100,27.42,overcast clouds,RU,2022-02-12 19:27:39
23,La Rioja,42.25,-2.5,49.05,92,100,3.71,overcast clouds,ES,2022-02-12 19:27:39
24,Sinnamary,5.3833,-52.95,79.25,85,73,12.1,light rain,GF,2022-02-12 19:27:40
25,Storsteinnes,69.2408,19.2344,21.2,94,59,5.19,broken clouds,NO,2022-02-12 19:27:40
26,Matagami,49.7502,-77.6328,-12.89,64,0,12.66,clear sky,CA,2022-02-12 19:27:40
27,Talnakh,69.4865,88.3972,-8.34,79,12,9.62,few clouds,RU,2022-02-12 19:27:41
28,Reshetylivka,49.565,34.0782,29.75,85,13,10.6,few clouds,UA,2022-02-12 19:27:41
29,Jamestown,42.097,-79.2353,31.08,63,100,9.22,overcast clouds,US,2022-02-12 19:25:45
30,Nalut,30.3333,10.85,57.04,29,100,9.24,overcast clouds,LY,2022-02-12 19:27:42
31,Port Alfred,-33.5906,26.891,75.87,91,1,13.15,clear sky,ZA,2022-02-12 19:27:43
32,Port Elizabeth,-33.918,25.5701,73.69,94,100,5.75,overcast clouds,ZA,2022-02-12 19:27:43
33,Wood Dale,41.9634,-87.979,21.7,53,40,8.05,scattered clouds,US,2022-02-12 19:27:44
34,Upernavik,72.7868,-56.1549,-3.98,98,100,15.19,overcast clouds,GL,2022-02-12 19:27:44
35,Taltal,-25.4,-70.4833,70.97,70,22,6.87,few clouds,CL,2022-02-12 19:27:44
36,Siderno,38.2779,16.302,57.83,83,100,3.91,overcast clouds,IT,2022-02-12 19:27:45
37,Hambantota,6.1241,81.1185,76.44,85,100,9.86,overcast clouds,LK,2022-02-12 19:27:04
38,Sept-Iles,50.2001,-66.3821,34.05,88,100,4.61,overcast clouds,CA,2022-02-12 19:25:19
39,Punta Arenas,-53.15,-70.9167,57.31,44,40,35.68,scattered clouds,CL,2022-02-12 19:25:35
40,Arraial Do Cabo,-22.9661,-42.0278,80.46,69,75,8.05,light rain,BR,2022-02-12 19:23:11
41,Banyo,6.75,11.8167,73.87,19,12,3.71,few clouds,CM,2022-02-12 19:27:46
42,Saldanha,-33.0117,17.9442,66.81,84,100,13.96,overcast clouds,ZA,2022-02-12 19:27:46
43,Cururupu,-1.8283,-44.8683,78.67,88,97,4.56,overcast clouds,BR,2022-02-12 19:28:47
44,Gracias,14.5833,-88.5833,86.02,40,0,6.08,clear sky,HN,2022-02-12 19:28:47
45,Klaksvik,62.2266,-6.589,38.32,88,100,9.86,overcast clouds,FO,2022-02-12 19:28:48
46,Sao Borja,-28.6606,-56.0044,91.98,38,11,14.36,few clouds,BR,2022-02-12 19:28:48
47,Adrar,20.5022,-10.0711,69.48,18,2,10.07,clear sky,MR,2022-02-12 19:28:48
48,Hauterive,46.0901,3.4459,38.16,70,100,2.89,overcast clouds,FR,2022-02-12 19:28:49
49,Tessalit,20.1986,1.0114,72.34,11,1,9.48,clear sky,ML,2022-02-12 19:28:49
50,Chaman,30.9236,66.4512,50.67,28,0,3.27,clear sky,PK,2022-02-12 19:28:50
51,Sucua,-2.4667,-78.1667,77.74,78,75,3.44,light rain,EC,2022-02-12 19:28:50
52,Grand Gaube,-20.0064,57.6608,81.0,84,8,3.0,clear sky,MU,2022-02-12 19:28:50
53,Mar Del Plata,-38.0023,-57.5575,64.42,70,40,18.41,scattered clouds,AR,2022-02-12 19:28:51
54,Trincomalee,8.5711,81.2335,78.84,84,93,14.72,overcast clouds,LK,2022-02-12 19:28:51
55,Amapa,1.0,-52.0,81.45,76,93,4.25,overcast clouds,BR,2022-02-12 19:28:52
56,Bandarbeyla,9.4942,50.8122,76.42,66,100,12.88,overcast clouds,SO,2022-02-12 19:28:52
57,Ventspils,57.3894,21.5606,37.33,70,40,23.02,scattered clouds,LV,2022-02-12 19:28:52
58,Geraldton,-28.7667,114.6,70.21,73,3,17.27,clear sky,AU,2022-02-12 19:28:53
59,New Richmond,45.123,-92.5366,5.09,43,100,4.61,overcast clouds,US,2022-02-12 19:28:53
60,Coquimbo,-29.9533,-71.3436,71.33,64,20,13.8,few clouds,CL,2022-02-12 19:28:54
61,Saint-Philippe,-21.3585,55.7679,78.35,85,19,10.4,few clouds,RE,2022-02-12 19:28:54
62,Cairo,30.0626,31.2497,60.22,58,0,11.5,clear sky,EG,2022-02-12 19:24:47
63,Ciudad Real,39.0,-4.0,55.11,68,85,3.0,overcast clouds,ES,2022-02-12 19:28:55
64,Saint Anthony,45.0205,-93.218,4.66,62,100,6.91,overcast clouds,US,2022-02-12 19:28:55
65,Boca Do Acre,-8.7522,-67.3978,91.47,49,81,3.65,broken clouds,BR,2022-02-12 19:28:55
66,Muros,42.7762,-9.0603,53.24,85,20,4.68,few clouds,ES,2022-02-12 19:28:56
67,Bengkulu,-3.8004,102.2655,75.92,84,79,4.29,broken clouds,ID,2022-02-12 19:28:56
68,Ceres,37.5949,-120.9577,77.68,59,0,0.0,clear sky,US,2022-02-12 19:28:57
69,Novosheshminsk,55.0651,51.2338,25.86,96,100,8.7,light snow,RU,2022-02-12 19:28:57
70,Busselton,-33.65,115.3333,56.08,74,0,12.41,clear sky,AU,2022-02-12 19:28:57
71,Santa Cruz,-17.8,-63.1667,84.25,54,75,18.41,light rain,BO,2022-02-12 19:28:58
72,Naberera,-4.2,36.9333,64.87,84,100,4.45,light rain,TZ,2022-02-12 19:28:58
73,Marystown,47.1666,-55.1483,43.86,100,37,11.99,scattered clouds,CA,2022-02-12 19:28:59
74,Salta,-24.7859,-65.4117,66.49,82,100,9.22,overcast clouds,AR,2022-02-12 19:24:39
75,Dombarovskiy,50.7587,59.5386,27.0,91,100,25.32,overcast clouds,RU,2022-02-12 19:28:59
76,Koygorodok,60.445,50.9968,11.48,98,77,4.09,broken clouds,RU,2022-02-12 19:29:00
77,Nanortalik,60.1432,-45.2371,30.4,97,100,6.31,light snow,GL,2022-02-12 19:29:00
78,Quirinopolis,-18.4483,-50.4517,82.0,70,43,6.58,scattered clouds,BR,2022-02-12 19:29:01
79,Ribeira Grande,38.5167,-28.7,63.0,77,40,20.71,scattered clouds,PT,2022-02-12 19:29:01
80,Mizdah,31.4451,12.9801,54.32,46,1,3.2,clear sky,LY,2022-02-12 19:29:01
81,Pangnirtung,66.1451,-65.7125,-2.2,78,100,3.44,light snow,CA,2022-02-12 19:29:02
82,Cap Malheureux,-19.9842,57.6142,81.09,84,7,3.0,clear sky,MU,2022-02-12 19:29:02
83,Chuy,-33.6971,-53.4616,72.25,87,100,9.19,overcast clouds,UY,2022-02-12 19:29:03
84,Luderitz,-26.6481,15.1594,73.58,70,3,7.18,clear sky,NA,2022-02-12 19:29:03
85,Rio Branco,-9.9747,-67.81,81.21,78,40,3.44,scattered clouds,BR,2022-02-12 19:29:04
86,Falavarjan,32.5553,51.5097,38.88,66,99,9.42,overcast clouds,IR,2022-02-12 19:29:04
87,Hithadhoo,-0.6,73.0833,81.5,68,100,9.35,overcast clouds,MV,2022-02-12 19:28:59
88,Sayyan,15.1718,44.3244,57.24,34,100,3.29,overcast clouds,YE,2022-02-12 19:30:05
89,Souillac,-20.5167,57.5167,80.98,83,40,6.91,light rain,MU,2022-02-12 19:30:06
90,Zabid,14.1951,43.3152,75.96,71,64,3.6,broken clouds,YE,2022-02-12 19:30:06
91,Houma,29.5958,-90.7195,71.01,60,40,11.5,scattered clouds,US,2022-02-12 19:29:42
92,Longyearbyen,78.2186,15.6401,8.44,78,0,9.22,clear sky,SJ,2022-02-12 19:30:07
93,Santiago,-33.4569,-70.6483,93.29,21,0,17.27,clear sky,CL,2022-02-12 19:29:01
94,Rochefort,45.9167,-1.0,44.56,85,9,5.01,clear sky,FR,2022-02-12 19:30:08
95,Qasigiannguit,68.8193,-51.1922,25.05,87,100,12.97,light snow,GL,2022-02-12 19:30:09
96,Trelew,-43.249,-65.3051,87.78,12,98,2.42,overcast clouds,AR,2022-02-12 19:30:09
97,Taloda,21.5667,74.2167,69.98,31,36,1.52,scattered clouds,IN,2022-02-12 19:30:10
98,Sao Filipe,14.8961,-24.4956,78.35,46,77,20.02,broken clouds,CV,2022-02-12 19:30:10
99,Quarai,-30.3875,-56.4514,79.16,58,87,17.72,overcast clouds,BR,2022-02-12 19:30:11
100,Sandur,15.1,76.55,70.14,45,3,3.91,clear sky,IN,2022-02-12 19:30:11
101,Torbay,47.6666,-52.7314,45.75,80,100,14.97,overcast clouds,CA,2022-02-12 19:30:11
102,Gerash,27.6652,54.1371,59.14,50,81,0.67,broken clouds,IR,2022-02-12 19:30:12
103,Walvis Bay,-22.9575,14.5053,72.55,73,83,4.61,light rain,NA,2022-02-12 19:30:12
104,Callaway,30.153,-85.5699,67.17,71,100,5.01,overcast clouds,US,2022-02-12 19:30:13
105,Cidreira,-30.1811,-50.2056,77.52,71,1,18.95,clear sky,BR,2022-02-12 19:30:13
106,Victoria,22.2855,114.1577,65.25,89,97,8.99,overcast clouds,HK,2022-02-12 19:30:13
107,Mahebourg,-20.4081,57.7,80.89,83,40,6.91,scattered clouds,MU,2022-02-12 19:30:14
108,Lesnoy,57.6198,63.0784,-1.07,100,98,4.0,overcast clouds,RU,2022-02-12 19:30:14
109,Paamiut,61.994,-49.6678,19.99,95,100,11.39,light snow,GL,2022-02-12 19:30:15
110,Codrington,-38.2667,141.9667,69.67,49,100,11.9,overcast clouds,AU,2022-02-12 19:30:15
111,Moundou,8.5667,16.0833,82.54,13,53,4.18,broken clouds,TD,2022-02-12 19:30:16
112,Cravo Norte,6.3017,-70.2041,95.52,30,77,8.57,broken clouds,CO,2022-02-12 19:30:16
113,Paramonga,-10.6667,-77.8333,74.88,70,29,10.56,scattered clouds,PE,2022-02-12 19:30:17
114,Abha,18.2164,42.5053,57.45,82,3,0.0,clear sky,SA,2022-02-12 19:30:17
115,Port Blair,11.6667,92.75,77.04,78,20,3.44,mist,IN,2022-02-12 19:30:17
116,Miraflores,19.2167,-98.8083,68.04,34,100,7.16,overcast clouds,MX,2022-02-12 19:30:18
117,Bonavista,48.6499,-53.1147,41.11,80,100,24.11,overcast clouds,CA,2022-02-12 19:30:18
118,Los Llanos De Aridane,28.6585,-17.9182,62.35,80,40,14.97,scattered clouds,ES,2022-02-12 19:30:18
119,Eirunepe,-6.6603,-69.8736,84.94,69,80,3.4,broken clouds,BR,2022-02-12 19:30:19
120,Staroleushkovskaya,45.9906,39.7631,41.14,84,100,15.48,light rain,RU,2022-02-12 19:30:19
121,Lithakia,37.7167,20.8333,53.58,66,100,2.26,overcast clouds,GR,2022-02-12 19:30:20
122,Ponta Do Sol,32.6667,-17.1,63.23,53,28,4.99,scattered clouds,PT,2022-02-12 19:30:20
123,Ostrovnoy,68.0531,39.5131,9.73,95,57,6.24,broken clouds,RU,2022-02-12 19:30:21
124,Hobyo,5.3505,48.5268,77.13,70,92,15.01,overcast clouds,SO,2022-02-12 19:30:21
125,Saint George,37.1041,-113.5841,66.67,19,0,3.44,clear sky,US,2022-02-12 19:26:29
126,Bumba,2.1833,22.4667,78.84,52,96,3.49,overcast clouds,CD,2022-02-12 19:30:21
127,Ngaoundere,7.3167,13.5833,68.76,18,38,5.17,scattered clouds,CM,2022-02-12 19:30:22
128,Colares,38.7992,-9.4469,57.29,72,20,15.01,few clouds,PT,2022-02-12 19:30:22
129,Qaqortoq,60.7167,-46.0333,30.7,98,100,2.59,snow,GL,2022-02-12 19:30:23
130,Cayenne,4.9333,-52.3333,80.64,87,75,10.36,broken clouds,GF,2022-02-12 19:30:23
131,Begunitsy,59.5855,29.3176,33.3,96,100,13.96,light snow,RU,2022-02-12 19:30:23
132,Thunder Bay,48.4001,-89.3168,0.28,50,75,5.75,broken clouds,CA,2022-02-12 19:28:24
133,Skibbereen,51.55,-9.2667,48.0,90,100,12.68,overcast clouds,IE,2022-02-12 19:30:24
134,Madimba,-10.4,40.3333,77.79,87,100,5.99,light rain,TZ,2022-02-12 19:30:24
135,Pontes E Lacerda,-15.2261,-59.3353,79.93,91,92,3.65,overcast clouds,BR,2022-02-12 19:30:25
136,Morondava,-20.2833,44.2833,81.61,82,99,6.2,overcast clouds,MG,2022-02-12 19:30:25
137,Antu,26.05,81.9167,51.84,57,0,4.63,clear sky,IN,2022-02-12 19:31:26
138,Dolores,-36.3132,-57.6792,70.09,32,9,17.6,clear sky,AR,2022-02-12 19:30:29
139,Santona,43.4439,-3.4576,54.36,82,99,2.24,overcast clouds,ES,2022-02-12 19:31:26
140,Faya,18.3851,42.4509,57.72,65,2,6.67,clear sky,SA,2022-02-12 19:31:27
141,Aleksandrov Gay,50.147,48.5704,22.68,97,100,1.14,overcast clouds,RU,2022-02-12 19:28:12
142,Mogadishu,2.0371,45.3438,77.34,80,100,19.57,overcast clouds,SO,2022-02-12 19:27:48
143,Birnin Kebbi,12.4539,4.1975,77.0,10,74,8.7,broken clouds,NG,2022-02-12 19:31:28
144,Havre-Saint-Pierre,50.2334,-63.5986,34.39,93,100,12.66,overcast clouds,CA,2022-02-12 19:31:28
145,Coihaique,-45.5752,-72.0662,84.81,36,0,4.61,clear sky,CL,2022-02-12 19:31:29
146,Itacoatiara,-3.1431,-58.4442,82.18,85,64,3.04,broken clouds,BR,2022-02-12 19:31:29
147,Marzuq,14.4,46.4667,63.77,69,11,3.67,few clouds,YE,2022-02-12 19:31:29
148,Mehamn,71.0357,27.8492,24.75,86,75,20.71,light snow,NO,2022-02-12 19:31:30
149,Vardo,70.3705,31.1107,25.84,69,13,13.73,few clouds,NO,2022-02-12 19:31:30
150,Ilulissat,69.2167,-51.1,24.82,86,75,23.02,light shower snow,GL,2022-02-12 19:31:31
151,Nantucket,41.2835,-70.0995,55.62,76,0,16.11,clear sky,US,2022-02-12 19:31:31
152,Concepcion Del Uruguay,-32.4825,-58.2372,73.98,67,100,7.0,overcast clouds,AR,2022-02-12 19:31:31
153,Pabna,24.0,89.25,60.03,52,0,5.84,clear sky,BD,2022-02-12 19:31:32
154,Orebro,59.2741,15.2066,35.92,54,100,14.97,overcast clouds,SE,2022-02-12 19:31:32
155,Battle Creek,42.3212,-85.1797,23.38,44,100,8.05,overcast clouds,US,2022-02-12 19:27:12
156,Louis Trichardt,-23.0439,29.9032,66.34,61,4,3.36,clear sky,ZA,2022-02-12 19:31:33
157,Bambous Virieux,-20.3428,57.7575,80.85,83,40,6.91,moderate rain,MU,2022-02-12 19:31:34
158,Dhidhdhoo,6.8833,73.1,81.16,74,100,5.44,overcast clouds,MV,2022-02-12 19:31:35
159,Podgornoye,51.735,39.1496,30.42,74,0,13.42,clear sky,RU,2022-02-12 19:31:35
160,Tavda,58.0425,65.2726,-5.06,100,99,3.24,overcast clouds,RU,2022-02-12 19:31:35
161,Axim,4.8699,-2.2405,79.68,84,94,7.81,overcast clouds,GH,2022-02-12 19:31:36
162,Belyy Yar,53.6039,91.3903,-26.14,53,87,0.0,smoke,RU,2022-02-12 19:31:36
163,Limulunga,-15.0969,23.1376,67.68,91,99,4.45,light rain,ZM,2022-02-12 19:31:37
164,Allanridge,-27.7543,26.6438,65.61,84,24,1.95,few clouds,ZA,2022-02-12 19:31:37
165,Vila Velha,-20.3297,-40.2925,76.95,90,40,8.05,light rain,BR,2022-02-12 19:29:02
166,Aksum,14.1245,38.7244,61.5,58,6,5.06,clear sky,ET,2022-02-12 19:31:38
167,Aksay,47.26,39.87,41.25,84,100,14.0,overcast clouds,RU,2022-02-12 19:31:38
168,Tirlyanskiy,54.2109,58.5806,3.07,99,74,4.12,broken clouds,RU,2022-02-12 19:31:39
169,Clyde River,70.4692,-68.5914,-16.37,69,100,28.77,snow,CA,2022-02-12 19:31:39
170,Lukovetskiy,64.2956,41.9211,15.78,97,80,4.88,broken clouds,RU,2022-02-12 19:31:39
171,East Haddam,41.4532,-72.4612,59.45,50,82,12.1,broken clouds,US,2022-02-12 19:31:40
172,Yaya,56.206,86.44,-0.33,88,6,9.78,clear sky,RU,2022-02-12 19:31:40
173,Nizhnevartovsk,60.9344,76.5531,-4.99,77,20,11.18,few clouds,RU,2022-02-12 19:31:41
174,Lennoxtown,55.9726,-4.2,47.5,82,40,17.27,scattered clouds,GB,2022-02-12 19:31:41
175,Rome,34.257,-85.1647,68.22,44,0,4.61,clear sky,US,2022-02-12 19:30:50
176,Medea,36.2642,2.7539,41.45,94,98,3.11,overcast clouds,DZ,2022-02-12 19:31:42
177,Diffa,13.3154,12.6113,71.47,11,31,7.9,scattered clouds,NE,2022-02-12 19:31:42
178,Kruisfontein,-34.0033,24.7314,72.1,90,92,8.28,overcast clouds,ZA,2022-02-12 19:31:42
179,Mananjary,-21.2167,48.3333,73.44,89,9,7.67,clear sky,MG,2022-02-12 19:31:43
180,Dingle,10.9995,122.6711,74.17,93,28,7.72,scattered clouds,PH,2022-02-12 19:31:43
181,Kedgwick,47.6446,-67.3434,33.75,98,100,10.92,overcast clouds,CA,2022-02-12 19:32:54
182,Harer,9.3094,42.1258,58.77,63,73,10.27,broken clouds,ET,2022-02-12 19:32:55
183,Canutama,-6.5339,-64.3831,84.16,74,100,2.57,overcast clouds,BR,2022-02-12 19:32:56
184,Grindavik,63.8424,-22.4338,25.27,63,0,12.66,clear sky,IS,2022-02-12 19:32:57
185,Kattivakkam,13.2167,80.3167,80.08,77,6,8.21,clear sky,IN,2022-02-12 19:32:57
186,Ginda,30.6945,78.4932,39.74,32,0,7.61,clear sky,IN,2022-02-12 19:32:58
187,Issia,6.4922,-6.5856,80.87,44,15,3.67,few clouds,CI,2022-02-12 19:32:58
188,Omboue,-1.5746,9.2618,79.14,88,100,6.62,light rain,GA,2022-02-12 19:32:59
189,Sorland,67.667,12.6934,35.65,53,100,14.88,overcast clouds,NO,2022-02-12 19:32:59
190,Sabha,27.0377,14.4283,54.36,28,0,8.25,clear sky,LY,2022-02-12 19:33:00
191,Sangre Grande,10.5835,-61.1177,86.9,60,53,11.43,broken clouds,TT,2022-02-12 19:33:00
192,Cabedelo,-6.9811,-34.8339,86.67,71,66,10.16,broken clouds,BR,2022-02-12 19:33:00
193,Benjamin Constant,-4.3831,-70.0311,82.45,74,75,4.61,broken clouds,BR,2022-02-12 19:33:01
194,Plouzane,48.3833,-4.6167,48.38,78,100,16.11,overcast clouds,FR,2022-02-12 19:33:01
195,Vuktyl,63.8567,57.3094,6.89,93,100,8.81,overcast clouds,RU,2022-02-12 19:33:02
196,Wilmington,34.2257,-77.9447,69.71,45,0,6.91,clear sky,US,2022-02-12 19:32:52
197,Qobustan,40.0824,49.412,48.31,93,1,12.41,clear sky,AZ,2022-02-12 19:33:02
198,Ormara,25.2088,64.6357,70.43,60,0,12.68,clear sky,PK,2022-02-12 19:33:03
199,Inhambane,-23.865,35.3833,78.78,78,20,3.44,few clouds,MZ,2022-02-12 19:33:03
200,Rio Grande,-32.035,-52.0986,78.91,95,100,7.09,light rain,BR,2022-02-12 19:32:57
201,Do Gonbadan,30.3586,50.7981,46.49,87,75,0.0,broken clouds,IR,2022-02-12 19:33:04
202,Tazovskiy,67.4667,78.7,-7.38,92,6,14.83,clear sky,RU,2022-02-12 19:30:41
203,Manosque,43.8288,5.7869,47.39,76,100,1.01,overcast clouds,FR,2022-02-12 19:33:05
204,Ugoofaaru,5.6667,73.0,80.74,75,100,4.16,overcast clouds,MV,2022-02-12 19:33:05
205,Marovoay,-16.1,46.6333,80.74,92,7,2.53,moderate rain,MG,2022-02-12 19:33:06
206,Narsaq,60.9167,-46.05,30.42,98,100,1.48,snow,GL,2022-02-12 19:33:07
207,Gardez,33.5974,69.2259,22.5,56,3,4.07,clear sky,AF,2022-02-12 19:33:07
208,Sakakah,29.9697,40.2064,51.37,36,0,4.81,clear sky,SA,2022-02-12 19:33:07
209,Havelock,34.8791,-76.9013,73.06,57,0,9.22,clear sky,US,2022-02-12 19:33:08
210,Jalu,29.0331,21.5482,56.57,41,0,5.88,clear sky,LY,2022-02-12 19:33:08
211,Bafra,41.5678,35.9069,40.78,70,94,5.95,overcast clouds,TR,2022-02-12 19:33:09
212,Santa Marta,11.2408,-74.199,97.34,56,20,15.01,few clouds,CO,2022-02-12 19:30:03
213,Rurrenabaque,-14.4413,-67.5278,83.35,84,99,1.48,moderate rain,BO,2022-02-12 19:33:09
214,Lubango,-14.9172,13.4925,58.93,66,61,4.81,broken clouds,AO,2022-02-12 19:33:10
215,Channel-Port Aux Basques,47.5702,-59.1367,38.86,98,100,26.87,overcast clouds,CA,2022-02-12 19:32:22
216,Alpena,45.0617,-83.4327,14.14,64,0,11.5,clear sky,US,2022-02-12 19:33:10
217,Pec,42.6591,20.2883,37.69,86,100,0.98,overcast clouds,XK,2022-02-12 19:33:11
218,Puerto Carreno,6.189,-67.4859,94.98,36,20,6.91,few clouds,CO,2022-02-12 19:33:11
219,Tocopilla,-22.092,-70.1979,73.87,66,21,11.61,few clouds,CL,2022-02-12 19:33:12
220,Kalmunai,7.4167,81.8167,76.48,88,100,2.46,overcast clouds,LK,2022-02-12 19:33:12
221,Kurya,51.6003,82.2888,17.65,89,100,7.54,overcast clouds,RU,2022-02-12 19:33:12
222,Abu Kamal,34.4506,40.9171,53.2,46,0,8.7,clear sky,SY,2022-02-12 19:33:13
223,Ariquemes,-9.9133,-63.0408,80.67,82,83,2.24,broken clouds,BR,2022-02-12 19:33:13
224,Salalah,17.0151,54.0924,75.29,64,75,6.91,broken clouds,OM,2022-02-12 19:33:14
225,Semnan,35.5729,53.3971,42.64,61,0,0.0,clear sky,IR,2022-02-12 19:33:14
226,Gyenesdias,46.7706,17.2866,38.75,75,0,2.3,clear sky,HU,2022-02-12 19:33:14
227,Yar-Sale,66.8333,70.8333,-8.34,92,100,14.83,overcast clouds,RU,2022-02-12 19:33:15
228,Aljezur,37.3191,-8.8033,54.0,89,100,6.38,overcast clouds,PT,2022-02-12 19:34:15
229,Hofn,64.2539,-15.2082,24.37,69,100,20.8,overcast clouds,IS,2022-02-12 19:34:16
230,Murgab,37.4966,61.9714,42.67,70,100,4.61,overcast clouds,TM,2022-02-12 19:34:16
231,Saint-Francois,46.4154,3.9054,35.67,79,0,3.44,clear sky,FR,2022-02-12 19:34:10
232,Horizontina,-27.6258,-54.3078,82.99,50,79,0.94,broken clouds,BR,2022-02-12 19:32:01
233,Sisimiut,66.9395,-53.6735,11.7,84,100,28.07,overcast clouds,GL,2022-02-12 19:34:17
234,Tazmalt,36.3868,4.3989,48.79,88,91,3.83,overcast clouds,DZ,2022-02-12 19:34:17
235,Morros,-9.4467,-46.3003,79.12,75,68,4.61,light rain,BR,2022-02-12 19:34:18
236,Debre Birhan,9.6833,39.5333,49.82,69,1,5.08,clear sky,ET,2022-02-12 19:34:18
237,The Valley,18.217,-63.0578,78.94,69,75,17.27,broken clouds,AI,2022-02-12 19:34:19
238,Tutoia,-2.7619,-42.2744,85.98,75,19,11.7,few clouds,BR,2022-02-12 19:34:19
239,Muli,2.9167,73.5667,81.21,73,100,6.91,overcast clouds,MV,2022-02-12 19:34:19
240,Beroroha,-21.6667,45.1667,81.39,59,51,4.65,broken clouds,MG,2022-02-12 19:34:20
241,Baracoa,20.3467,-74.4958,80.82,63,13,7.49,few clouds,CU,2022-02-12 19:34:20
242,Maiduguri,11.8464,13.1603,72.01,17,83,9.19,broken clouds,NG,2022-02-12 19:34:21
243,Tamandare,-8.7597,-35.1047,82.83,68,33,11.97,scattered clouds,BR,2022-02-12 19:34:21
244,Namibe,-15.1961,12.1522,75.79,82,91,7.31,overcast clouds,AO,2022-02-12 19:33:52
245,Stornoway,58.2093,-6.3865,44.56,88,75,12.66,broken clouds,GB,2022-02-12 19:34:22
246,Yorosso,12.3536,-4.7761,77.72,10,46,7.05,scattered clouds,ML,2022-02-12 19:34:22
247,Storslett,69.7678,21.0247,14.54,81,22,11.45,few clouds,NO,2022-02-12 19:34:23
248,Touros,-5.1989,-35.4608,86.9,72,33,9.98,scattered clouds,BR,2022-02-12 19:30:15
249,Sao Joao Da Barra,-21.6403,-41.0511,78.89,83,93,5.73,light rain,BR,2022-02-12 19:34:23
250,Oranjemund,-28.55,16.4333,68.72,76,2,9.01,clear sky,NA,2022-02-12 19:34:24
251,Bako,5.7833,36.5667,70.95,43,5,3.67,clear sky,ET,2022-02-12 19:34:24
252,Leshukonskoye,64.8989,45.7622,13.08,97,93,5.59,overcast clouds,RU,2022-02-12 19:34:24
253,Tela,15.7833,-87.45,86.22,89,40,6.91,scattered clouds,HN,2022-02-12 19:34:25
254,Isilkul,54.9109,71.2728,3.9,97,100,4.72,light snow,RU,2022-02-12 19:34:25
255,Antofagasta,-23.65,-70.4,74.21,63,2,10.51,clear sky,CL,2022-02-12 19:30:09
256,Robertsport,6.7533,-11.3686,80.02,84,11,13.51,few clouds,LR,2022-02-12 19:34:26
257,Grafenhainichen,51.7333,12.45,38.41,71,100,7.96,overcast clouds,DE,2022-02-12 19:34:26
258,Jacareacanga,-6.2222,-57.7528,81.25,93,100,1.28,moderate rain,BR,2022-02-12 19:34:27
259,Anloga,5.7947,0.8973,84.42,79,93,11.05,overcast clouds,GH,2022-02-12 19:34:27
260,Bekobod,40.2208,69.2697,38.89,91,100,5.41,overcast clouds,UZ,2022-02-12 19:34:28
261,Lodja,-3.4833,23.4333,71.19,93,76,1.83,light rain,CD,2022-02-12 19:34:28
262,Raudeberg,61.9875,5.1352,41.67,92,100,7.0,light rain,NO,2022-02-12 19:34:29
263,Misratah,32.3754,15.0925,58.91,63,52,7.34,broken clouds,LY,2022-02-12 19:34:29
264,Nouakchott,18.0858,-15.9785,84.13,45,91,6.85,overcast clouds,MR,2022-02-12 19:34:30
265,Saint-Pierre,-21.3393,55.4781,78.44,78,20,4.61,few clouds,RE,2022-02-12 19:34:30
266,La Asuncion,11.0333,-63.8628,79.43,63,23,17.0,few clouds,VE,2022-02-12 19:34:30
267,Watertown,42.3709,-71.1828,63.21,42,40,18.41,scattered clouds,US,2022-02-12 19:30:00
268,Ornskoldsvik,63.2909,18.7153,25.75,86,75,3.44,broken clouds,SE,2022-02-12 19:34:31
269,Jizan,17.3333,42.6667,79.74,74,7,7.56,clear sky,SA,2022-02-12 19:34:32
270,Lalibela,12.0333,39.0333,63.46,56,19,4.25,few clouds,ET,2022-02-12 19:30:20
271,Visnes,59.3556,5.2242,43.21,93,100,18.41,drizzle rain,NO,2022-02-12 19:34:32
272,Lebu,-37.6167,-73.65,67.35,61,25,11.36,scattered clouds,CL,2022-02-12 19:35:33
273,Bereda,43.2686,-7.5406,46.15,92,55,1.77,broken clouds,ES,2022-02-12 19:35:33
274,Sarankhola,22.3082,89.7897,58.48,56,13,5.82,few clouds,BD,2022-02-12 19:35:33
275,Koupela,12.1794,-0.3517,83.5,9,3,5.17,clear sky,BF,2022-02-12 19:35:34
276,Husavik,66.0449,-17.3389,24.71,87,93,7.36,overcast clouds,IS,2022-02-12 19:34:35
277,Caravelas,-17.7125,-39.2481,80.96,73,100,6.82,overcast clouds,BR,2022-02-12 19:33:33
278,Shipley,53.8333,-1.7667,46.35,71,75,17.27,broken clouds,GB,2022-02-12 19:35:35
279,Filadelfia,39.9523,-75.1638,60.28,40,40,19.57,scattered clouds,US,2022-02-12 19:34:43
280,Erfurt,50.9833,11.0333,37.38,80,0,6.91,clear sky,DE,2022-02-12 19:35:35
281,Tuzha,57.6062,47.936,15.6,95,33,7.38,light snow,RU,2022-02-12 19:35:35
282,Aquiraz,-3.9014,-38.3911,86.09,75,56,8.57,broken clouds,BR,2022-02-12 19:35:36
283,Emba,48.8264,58.1442,23.41,93,100,10.76,overcast clouds,KZ,2022-02-12 19:35:36
284,Siparia,10.1333,-61.5,86.79,54,57,4.0,broken clouds,TT,2022-02-12 19:35:37
285,Lauchhammer,51.5,13.8,38.79,82,100,5.91,overcast clouds,DE,2022-02-12 19:35:37
286,San Carlos De Bariloche,-41.1456,-71.3082,81.25,11,0,9.22,clear sky,AR,2022-02-12 19:34:21
287,Costa Rica,-23.4167,-54.65,93.61,28,5,5.19,clear sky,BR,2022-02-12 19:34:40
288,Mahon,39.8885,4.2658,48.76,81,0,4.61,clear sky,ES,2022-02-12 19:35:38
289,Nagua,19.3832,-69.8474,79.11,78,75,13.8,broken clouds,DO,2022-02-12 19:35:38
290,Oskemen,49.9565,82.6119,22.96,63,100,13.42,overcast clouds,KZ,2022-02-12 19:35:39
291,Kavaratti,10.5669,72.642,80.55,71,6,7.92,clear sky,IN,2022-02-12 19:35:39
292,Korla,41.7597,86.1469,28.76,48,100,8.75,overcast clouds,CN,2022-02-12 19:35:39
293,San Rafael,-34.6177,-68.3301,75.72,22,0,12.57,clear sky,AR,2022-02-12 19:34:33
294,Tete,-16.1564,33.5867,78.89,73,20,0.0,few clouds,MZ,2022-02-12 19:35:40
295,Kangaba,11.9333,-8.4167,80.17,12,3,4.56,clear sky,ML,2022-02-12 19:35:40
296,Belmonte,-15.8631,-38.8828,82.9,66,48,7.43,scattered clouds,BR,2022-02-12 19:32:58
297,Vestmannaeyjar,63.4427,-20.2734,28.26,78,23,3.62,few clouds,IS,2022-02-12 19:35:41
298,Muisne,0.6,-80.0333,84.31,87,97,6.71,light rain,EC,2022-02-12 19:33:12
299,Mehran,33.1222,46.1646,58.48,49,0,6.22,clear sky,IR,2022-02-12 19:35:42
300,Minsk,53.9,27.5667,29.95,82,62,12.12,broken clouds,BY,2022-02-12 19:35:42
301,Vagur,61.4732,-6.8119,43.09,87,86,14.92,overcast clouds,FO,2022-02-12 19:35:42
302,Kimparana,12.8347,-4.9244,80.26,10,29,8.79,scattered clouds,ML,2022-02-12 19:35:43
303,Najran,17.4924,44.1277,70.45,37,8,3.65,clear sky,SA,2022-02-12 19:35:43
304,Kemlya,54.6963,45.2424,22.66,94,100,9.73,overcast clouds,RU,2022-02-12 19:35:44
305,Riom,45.9167,2.9167,30.85,74,100,4.14,overcast clouds,FR,2022-02-12 19:35:44
306,Mweka,-4.85,21.5667,70.07,93,81,2.08,light rain,CD,2022-02-12 19:35:44
307,Olafsvik,64.8945,-23.7142,26.78,71,35,18.7,scattered clouds,IS,2022-02-12 19:35:45
308,Carnarvon,-24.8667,113.6333,82.47,61,100,8.05,overcast clouds,AU,2022-02-12 19:33:04
309,Shaki,41.0833,47.1667,39.99,49,3,4.61,clear sky,AZ,2022-02-12 19:35:45
310,Luena,-11.7833,19.9167,64.26,89,99,2.51,overcast clouds,AO,2022-02-12 19:35:09
311,Kuryk,43.2,51.65,45.48,84,81,15.86,broken clouds,KZ,2022-02-12 19:35:46
312,Kutum,14.2,24.6667,62.64,14,43,7.85,scattered clouds,SD,2022-02-12 19:35:46
313,Venado Tuerto,-33.7456,-61.9688,73.89,20,0,12.66,clear sky,AR,2022-02-12 19:35:47
314,Nuuk,64.1835,-51.7216,16.41,86,100,11.5,light snow,GL,2022-02-12 19:35:47
315,Maniitsoq,65.4167,-52.9,11.95,76,100,12.8,overcast clouds,GL,2022-02-12 19:35:48
316,Pio Ix,-6.8375,-40.5792,85.17,44,93,11.34,overcast clouds,BR,2022-02-12 19:35:48
317,Velyka Lepetykha,47.1757,33.9436,36.05,70,100,14.56,overcast clouds,UA,2022-02-12 19:35:48
318,Young,-32.6833,-57.6333,72.23,67,100,15.79,overcast clouds,UY,2022-02-12 19:35:49
319,Stavern,59.0,10.0333,41.74,94,100,30.58,overcast clouds,NO,2022-02-12 19:35:49
320,Sao Gabriel Da Cachoeira,-0.1303,-67.0892,89.4,66,20,8.05,few clouds,BR,2022-02-12 19:35:49
321,Chermoz,58.787,56.1489,20.52,97,100,5.86,overcast clouds,RU,2022-02-12 19:36:50
322,Tchollire,8.4022,14.1698,76.93,14,90,1.03,overcast clouds,CM,2022-02-12 19:36:50
323,Havoysund,70.9963,24.6622,29.28,57,100,21.36,light snow,NO,2022-02-12 19:36:51
324,Tiznit,29.5833,-9.5,57.61,55,0,1.9,clear sky,MA,2022-02-12 19:36:51
325,Porosozero,62.7191,32.727,21.4,94,96,8.77,overcast clouds,RU,2022-02-12 19:36:52
326,Bonthe,7.5264,-12.505,78.66,82,11,10.89,few clouds,SL,2022-02-12 19:36:52
327,Pianco,-7.1981,-37.9292,87.44,44,33,3.09,scattered clouds,BR,2022-02-12 19:36:52
328,Baghdad,33.3406,44.4009,53.51,40,0,9.22,clear sky,IQ,2022-02-12 19:36:53
329,Gat,31.61,34.7642,54.39,100,0,5.08,clear sky,IL,2022-02-12 19:33:20
330,Ilebo,-4.3167,20.5833,72.73,92,85,1.66,light rain,CD,2022-02-12 19:36:53
331,San Cristobal,7.7669,-72.225,77.18,37,100,5.99,overcast clouds,VE,2022-02-12 19:34:03
332,Gomel,52.4345,30.9754,28.38,69,0,13.42,clear sky,BY,2022-02-12 19:36:54
333,Marawi,7.9986,124.2928,63.64,89,100,2.75,overcast clouds,PH,2022-02-12 19:36:54
334,Fuerte Olimpo,-21.0415,-57.8738,86.79,57,97,12.28,heavy intensity rain,PY,2022-02-12 19:36:55
335,Kautokeino,69.0125,23.0412,-11.94,96,69,1.99,broken clouds,NO,2022-02-12 19:36:55
336,Sholokhovskiy,48.2807,41.0459,32.16,91,99,15.17,light snow,RU,2022-02-12 19:36:56
337,Beloha,-25.1667,45.05,75.04,82,9,18.75,clear sky,MG,2022-02-12 19:36:56
338,Izhma,65.0083,53.9113,10.76,94,100,8.25,overcast clouds,RU,2022-02-12 19:36:56
339,Bud,39.447,-86.1758,26.62,80,100,11.03,light snow,US,2022-02-12 19:36:57
340,Berlevag,70.8578,29.0864,24.8,79,66,21.68,broken clouds,NO,2022-02-12 19:36:57
341,Constantine,36.365,6.6147,45.81,81,40,3.44,scattered clouds,DZ,2022-02-12 19:32:12
342,Boffa,10.1667,-14.0333,75.69,79,7,4.27,clear sky,GN,2022-02-12 19:36:58
343,Tougue,11.4667,-11.6,72.01,15,0,3.15,clear sky,GN,2022-02-12 19:36:58
344,Cherdyn,60.403,56.4787,15.3,97,100,4.14,light snow,RU,2022-02-12 19:36:59
345,Menongue,-14.6585,17.691,63.64,94,100,2.1,light rain,AO,2022-02-12 19:36:59
346,Innsbruck,47.2627,11.3945,29.03,69,0,3.44,clear sky,AT,2022-02-12 19:35:08
347,Turayf,31.6725,38.6637,44.85,61,0,5.75,clear sky,SA,2022-02-12 19:37:00
348,Cartagena,10.3997,-75.5144,89.22,58,20,13.8,few clouds,CO,2022-02-12 19:37:00
349,Lardos,36.0942,28.0157,53.42,72,84,3.31,broken clouds,GR,2022-02-12 19:37:01
350,Lucapa,-8.4192,20.7447,64.58,94,100,2.57,overcast clouds,AO,2022-02-12 19:37:01
351,Puerto Ayora,-0.7393,-90.3518,87.76,84,97,5.01,overcast clouds,EC,2022-02-12 19:33:39
352,Santiago Del Estero,-27.7951,-64.2615,83.41,30,38,11.18,scattered clouds,AR,2022-02-12 19:37:02
353,Sokolo,14.7328,-6.1219,76.96,12,0,8.77,clear sky,ML,2022-02-12 19:37:02
354,Santa Marta De Tormes,40.9506,-5.6272,50.45,71,100,8.05,overcast clouds,ES,2022-02-12 19:37:03
355,Ancud,-41.8697,-73.8203,80.22,63,77,5.79,broken clouds,CL,2022-02-12 19:37:03
356,Abonnema,4.7084,6.7931,82.54,69,92,10.04,overcast clouds,NG,2022-02-12 19:37:04
357,Chapais,49.7834,-74.8492,-9.62,82,100,11.48,overcast clouds,CA,2022-02-12 19:33:12
358,Melo,-32.3667,-54.1833,77.25,75,73,18.41,broken clouds,UY,2022-02-12 19:37:04
359,Gezing,47.9178,13.1299,33.35,91,0,3.44,clear sky,AT,2022-02-12 19:37:05
360,Pokhara,28.2333,83.9833,50.45,57,0,4.14,clear sky,NP,2022-02-12 19:37:05
361,Bubaque,11.2833,-15.8333,79.43,65,1,12.39,clear sky,GW,2022-02-12 19:34:03
362,Binga,-17.6203,27.3414,72.39,80,86,0.98,overcast clouds,ZW,2022-02-12 19:37:06
363,Aksaray,38.3726,34.0254,24.39,74,100,4.29,overcast clouds,TR,2022-02-12 19:37:06
364,Lock Haven,41.137,-77.4469,46.0,61,92,10.42,overcast clouds,US,2022-02-12 19:37:07
365,Atar,20.5169,-13.0499,72.57,20,16,9.73,few clouds,MR,2022-02-12 19:37:07
366,Jumla,29.2747,82.1838,27.34,76,1,6.98,clear sky,NP,2022-02-12 19:38:07
367,Vallenar,-28.5708,-70.7581,82.96,28,0,11.86,clear sky,CL,2022-02-12 19:38:08
368,Karpogory,64.0019,44.4451,10.53,99,100,4.85,overcast clouds,RU,2022-02-12 19:38:08
369,Lasa,46.6166,10.7002,31.46,50,19,1.57,few clouds,IT,2022-02-12 19:38:09
370,Kamina,-8.7386,24.9906,64.09,95,81,3.49,broken clouds,CD,2022-02-12 19:38:09
371,Sao Felix Do Xingu,-6.6447,-51.995,75.58,89,100,1.05,overcast clouds,BR,2022-02-12 19:38:10
372,Paralimni,35.0375,33.9833,56.43,83,5,4.0,clear sky,CY,2022-02-12 19:38:10
373,Thyboron,56.6985,8.2124,41.09,78,100,35.97,light rain,DK,2022-02-12 19:38:11
374,Marsa Matruh,31.3525,27.2453,57.4,67,0,6.91,clear sky,EG,2022-02-12 19:38:11
375,Snezhnogorsk,69.1933,33.2531,2.98,98,43,7.45,scattered clouds,RU,2022-02-12 19:38:11
376,Ayagoz,47.9714,80.4392,16.47,94,100,16.4,light snow,KZ,2022-02-12 19:38:12
377,Teguldet,57.3064,88.1667,-0.54,89,6,9.91,clear sky,RU,2022-02-12 19:38:12
378,Saint-Joseph,-21.3667,55.6167,77.36,83,14,8.66,few clouds,RE,2022-02-12 19:34:19
379,Kuytun,54.3419,101.5036,-29.09,100,77,2.3,broken clouds,RU,2022-02-12 19:38:13
380,Tripoli,32.8752,13.1875,56.79,64,1,6.11,clear sky,LY,2022-02-12 19:38:13
381,Gorshechnoye,51.5244,38.0365,19.0,92,12,10.87,few clouds,RU,2022-02-12 19:38:14
382,Mananara,-16.1667,49.7667,73.29,93,10,4.41,light rain,MG,2022-02-12 19:38:14
383,Roding,49.1964,12.5186,36.84,80,48,2.08,scattered clouds,DE,2022-02-12 19:38:15
384,Bosaso,11.2842,49.1816,75.4,70,72,4.32,broken clouds,SO,2022-02-12 19:38:15
385,Kargil,34.5667,76.1,-16.47,79,76,3.44,broken clouds,IN,2022-02-12 19:38:15
386,Jiwani,25.05,61.7417,70.65,62,0,10.63,clear sky,PK,2022-02-12 19:38:16
387,Kapoeta,4.7717,33.5903,87.94,22,54,6.08,broken clouds,SS,2022-02-12 19:38:16
388,Calvinia,-31.4707,19.776,79.32,24,100,2.84,overcast clouds,ZA,2022-02-12 19:38:17
389,Calderitas,18.55,-88.25,80.71,78,40,11.5,scattered clouds,MX,2022-02-12 19:38:17
390,Vredendal,-31.6683,18.5012,74.64,56,100,4.32,overcast clouds,ZA,2022-02-12 19:38:18
391,Sechura,-5.5569,-80.8222,80.8,57,100,14.18,overcast clouds,PE,2022-02-12 19:38:18
392,Vila Franca Do Campo,37.7167,-25.4333,63.19,84,100,10.0,overcast clouds,PT,2022-02-12 19:38:19
393,Zolochiv,49.806,24.8944,24.49,77,3,2.3,clear sky,UA,2022-02-12 19:38:19
394,Kamenka,51.3223,42.7678,22.87,96,94,10.09,light snow,RU,2022-02-12 19:38:20
395,Bathsheba,13.2167,-59.5167,83.01,57,20,21.85,few clouds,BB,2022-02-12 19:38:20
396,Galle,6.0367,80.217,75.22,89,100,3.24,overcast clouds,LK,2022-02-12 19:38:21
397,Puerto Del Rosario,28.5004,-13.8627,65.95,77,0,9.22,clear sky,ES,2022-02-12 19:38:21
398,Zhob,31.3411,69.4481,49.82,32,0,2.3,clear sky,PK,2022-02-12 19:38:21
399,Hammerfest,70.6634,23.6821,28.85,86,100,16.11,snow,NO,2022-02-12 19:38:22
400,Kibungo,-2.1597,30.5427,66.34,92,100,2.46,overcast clouds,RW,2022-02-12 19:38:22
401,Ust-Shonosha,61.1531,41.343,16.38,95,100,6.91,overcast clouds,RU,2022-02-12 19:38:23
402,Portree,57.4129,-6.1942,45.52,88,100,23.91,overcast clouds,GB,2022-02-12 19:38:23
403,Manacapuru,-3.2997,-60.6206,90.18,74,84,3.22,broken clouds,BR,2022-02-12 19:38:23
404,Nizhniy Odes,63.6445,54.856,10.09,95,99,7.47,overcast clouds,RU,2022-02-12 19:38:24
405,Camacha,33.0833,-16.3333,60.22,77,75,13.8,broken clouds,PT,2022-02-12 19:38:24
406,Sokol,59.4617,40.1206,18.73,95,99,8.68,overcast clouds,RU,2022-02-12 19:38:25
407,Suluq,31.6682,20.2521,52.61,71,0,2.39,clear sky,LY,2022-02-12 19:38:25
408,Ostersund,63.1792,14.6357,32.45,80,75,11.5,broken clouds,SE,2022-02-12 19:38:26
409,Muyezerskiy,63.9333,31.65,3.94,100,99,3.8,overcast clouds,RU,2022-02-12 19:38:26
410,Nara,34.6851,135.8049,42.98,58,80,3.58,broken clouds,JP,2022-02-12 19:34:23
411,Atasu,48.6814,71.6433,16.54,95,100,12.71,overcast clouds,KZ,2022-02-12 19:38:27
412,Pangody,65.85,74.4859,-9.09,95,7,15.12,clear sky,RU,2022-02-12 19:38:27
413,Quatre Cocos,-20.2078,57.7625,80.71,85,9,10.6,light rain,MU,2022-02-12 19:37:00
414,Kushtagi,15.7667,76.2,70.9,39,8,5.84,clear sky,IN,2022-02-12 19:38:28
415,Sambava,-14.2667,50.1667,77.59,84,97,8.48,overcast clouds,MG,2022-02-12 19:39:28
416,Borisoglebskiy,57.2586,39.1508,22.64,92,84,11.88,snow,RU,2022-02-12 19:39:28
417,Samana,19.2056,-69.3369,79.02,89,75,6.91,broken clouds,DO,2022-02-12 19:39:29
418,Vytegra,61.0064,36.4481,26.6,94,100,12.77,light snow,RU,2022-02-12 19:39:29
419,Roald,62.5833,6.1333,42.94,75,75,10.36,broken clouds,NO,2022-02-12 19:39:30
420,Zaraysk,54.7653,38.8836,16.59,94,7,10.63,clear sky,RU,2022-02-12 19:39:30
421,Timra,62.487,17.3257,31.68,93,20,3.44,few clouds,SE,2022-02-12 19:39:31
422,Manono,-7.3,27.4167,70.16,92,89,1.32,light rain,CD,2022-02-12 19:39:31
423,Portobelo,9.55,-79.65,92.61,76,27,14.27,scattered clouds,PA,2022-02-12 19:39:31
424,Umm Lajj,25.0213,37.2685,68.68,25,0,24.47,clear sky,SA,2022-02-12 19:39:32
425,Humaita,-7.5061,-63.0208,82.62,76,100,3.38,overcast clouds,BR,2022-02-12 19:39:32
426,Chunhuhub,19.55,-88.6833,79.86,78,29,3.98,scattered clouds,MX,2022-02-12 19:39:33
427,Takoradi,4.8845,-1.7554,80.29,81,96,7.85,overcast clouds,GH,2022-02-12 19:39:33
428,San Borja,-14.8167,-66.85,81.73,88,99,2.64,heavy intensity rain,BO,2022-02-12 19:38:15
429,Colombia,20.9881,-77.4297,88.52,45,47,4.81,scattered clouds,CU,2022-02-12 19:39:34
430,Eucaliptus,-17.5833,-67.5167,55.0,58,100,0.49,overcast clouds,BO,2022-02-12 19:39:34
431,Stykkisholmur,65.0757,-22.7297,18.52,82,24,7.85,few clouds,IS,2022-02-12 19:39:35
432,Yangambi,0.8102,24.4336,77.63,59,100,0.89,overcast clouds,CD,2022-02-12 19:39:35
433,Naryan-Mar,67.6713,53.087,11.03,95,98,10.33,overcast clouds,RU,2022-02-12 19:39:36
434,Pontal Do Parana,-25.6533,-48.5128,90.73,62,0,7.27,clear sky,BR,2022-02-12 19:39:36
435,Margate,51.3813,1.3862,43.7,68,100,7.0,overcast clouds,GB,2022-02-12 19:39:36
436,Coruripe,-10.1256,-36.1756,82.67,69,3,15.73,clear sky,BR,2022-02-12 19:39:37
437,Barddhaman,23.25,87.85,60.4,48,6,6.33,clear sky,IN,2022-02-12 19:39:37
438,Vestmanna,62.1564,-7.1664,36.52,100,75,1.14,broken clouds,FO,2022-02-12 19:39:38
439,Kimry,56.8667,37.35,22.19,90,92,11.18,overcast clouds,RU,2022-02-12 19:39:38
440,Srivardhan,18.0333,73.0167,73.56,58,32,5.75,scattered clouds,IN,2022-02-12 19:39:38
441,Sikasso,10.9167,-7.0,80.46,12,5,6.2,clear sky,ML,2022-02-12 19:39:39
442,Pionerskiy,54.9508,20.2275,33.64,73,99,22.01,overcast clouds,RU,2022-02-12 19:39:39
443,Groningen,53.25,6.75,40.01,68,100,13.8,overcast clouds,NL,2022-02-12 19:39:40
444,Paita,-5.0892,-81.1144,84.76,64,100,13.8,overcast clouds,PE,2022-02-12 19:39:40
445,Orangeburg,33.4918,-80.8557,69.49,44,0,6.91,clear sky,US,2022-02-12 19:39:41
446,Nizza Monferrato,44.7738,8.3539,47.25,67,96,5.57,overcast clouds,IT,2022-02-12 19:39:41
447,Severodvinsk,64.5635,39.8302,15.91,91,55,9.82,broken clouds,RU,2022-02-12 19:39:42
448,Koroni,36.8,21.95,55.08,69,100,1.03,overcast clouds,GR,2022-02-12 19:39:42
449,Angoche,-16.2325,39.9086,77.76,88,96,5.61,light rain,MZ,2022-02-12 19:39:42
450,Zhezkazgan,47.8043,67.7144,26.58,93,100,22.37,overcast clouds,KZ,2022-02-12 19:39:43
451,Veraval,20.9,70.3667,69.4,43,1,7.56,clear sky,IN,2022-02-12 19:39:43
452,Jaciara,-15.9653,-54.9683,82.22,81,50,4.21,scattered clouds,BR,2022-02-12 19:39:44
453,Yalvac,38.2956,31.1778,30.18,68,100,4.23,overcast clouds,TR,2022-02-12 19:39:44
454,Portsmouth,50.799,-1.0913,47.44,89,100,13.0,overcast clouds,GB,2022-02-12 19:37:47
455,Chake Chake,-5.2459,39.7666,77.77,78,100,4.65,overcast clouds,TZ,2022-02-12 19:39:45
456,Ust-Koksa,50.2696,85.6108,2.07,89,100,1.03,overcast clouds,RU,2022-02-12 19:39:45
457,Vila Do Maio,15.1333,-23.2167,75.99,71,86,19.53,overcast clouds,CV,2022-02-12 19:39:46
458,Esfarayen,37.0765,57.5101,31.66,74,25,4.83,scattered clouds,IR,2022-02-12 19:39:46
459,Novo Oriente,-5.5344,-40.7742,80.92,56,89,5.41,overcast clouds,BR,2022-02-12 19:39:46
460,Koulikoro,14.0,-7.75,72.59,11,0,9.35,clear sky,ML,2022-02-12 19:39:47
461,Bunia,1.5667,30.25,74.37,37,99,3.74,overcast clouds,CD,2022-02-12 19:39:47
462,Brighton,50.8284,-0.1395,46.31,72,0,15.99,clear sky,GB,2022-02-12 19:37:27
463,Sturovo,47.7949,18.7175,39.33,69,4,5.23,clear sky,SK,2022-02-12 19:40:48
464,Terrasini,38.146,13.0844,53.46,74,0,4.61,clear sky,IT,2022-02-12 19:40:48
465,Vangaindrano,-23.35,47.6,73.69,86,38,6.44,scattered clouds,MG,2022-02-12 19:40:49
466,Torzhok,57.0436,34.9622,27.43,87,95,12.75,overcast clouds,RU,2022-02-12 19:40:49
467,Leesburg,39.1157,-77.5636,60.19,44,0,12.66,clear sky,US,2022-02-12 19:40:50
468,Eresos,39.1667,25.9333,49.51,67,100,7.0,overcast clouds,GR,2022-02-12 19:40:50
469,Lask,51.5906,19.1328,31.35,85,22,1.01,few clouds,PL,2022-02-12 19:40:50
470,Bilma,18.6853,12.9164,66.09,16,0,8.14,clear sky,NE,2022-02-12 19:40:51
471,Meulaboh,4.1363,96.1285,77.63,84,96,3.91,overcast clouds,ID,2022-02-12 19:40:51
472,Islamkot,24.6997,70.177,66.42,24,0,6.51,clear sky,PK,2022-02-12 19:40:52
473,Shar,49.5886,81.0453,20.57,94,100,12.12,light snow,KZ,2022-02-12 19:40:52
474,Salinopolis,-0.6136,-47.3561,82.11,77,28,8.93,scattered clouds,BR,2022-02-12 19:40:53
475,Fauske,67.2588,15.3918,30.24,80,99,7.99,overcast clouds,NO,2022-02-12 19:40:53
476,Pastavy,55.1168,26.8326,28.54,81,99,15.39,overcast clouds,BY,2022-02-12 19:40:53
477,Port-Gentil,-0.7193,8.7815,80.47,85,73,8.7,light rain,GA,2022-02-12 19:40:54
478,Doha,25.2867,51.5333,64.71,72,40,17.27,scattered clouds,QA,2022-02-12 19:40:54
479,Dalbandin,28.8947,64.4101,59.04,20,0,3.91,clear sky,PK,2022-02-12 19:40:55
480,Mo I Rana,66.3128,14.1428,14.92,90,99,3.96,overcast clouds,NO,2022-02-12 19:37:52
481,Kashi,39.4547,75.9797,38.41,30,93,4.47,overcast clouds,CN,2022-02-12 19:40:55
482,Lafiagi,8.8667,5.4167,86.36,10,14,3.8,few clouds,NG,2022-02-12 19:40:56
483,Holalkere,14.0333,76.1833,69.03,48,6,6.17,clear sky,IN,2022-02-12 19:40:56
484,Ardakan,32.31,54.0175,46.78,55,99,4.68,overcast clouds,IR,2022-02-12 19:40:57
485,Zlynka,52.4267,31.7378,28.18,88,8,9.19,clear sky,RU,2022-02-12 19:40:57
486,Lapua,62.9693,23.0088,25.48,96,82,3.85,broken clouds,FI,2022-02-12 19:40:58
487,Udarnyy,54.3409,42.8611,17.69,95,66,5.73,broken clouds,RU,2022-02-12 19:40:58
488,Tevriz,57.509,72.4042,-0.15,95,100,6.69,overcast clouds,RU,2022-02-12 19:40:58
489,Am Timan,11.0297,20.2827,82.4,11,100,3.29,overcast clouds,TD,2022-02-12 19:40:59
490,Sindor,62.8629,51.8905,10.11,99,92,4.25,overcast clouds,RU,2022-02-12 19:40:59
491,Mayumba,-3.432,10.6554,78.62,89,100,5.95,overcast clouds,GA,2022-02-12 19:41:00
492,Beira,-19.8436,34.8389,82.49,74,40,12.66,scattered clouds,MZ,2022-02-12 19:41:00
493,Alexandria,31.2156,29.9553,57.74,77,20,9.22,few clouds,EG,2022-02-12 19:38:56
494,Viradouro,-20.8731,-48.2969,86.09,87,50,4.34,scattered clouds,BR,2022-02-12 19:41:01
495,Colchester,51.8892,0.9042,43.74,75,100,17.9,overcast clouds,GB,2022-02-12 19:36:37
496,Sena Madureira,-9.0656,-68.6569,88.32,58,78,4.32,light rain,BR,2022-02-12 19:41:01
497,Mednogorsk,51.4128,57.595,17.29,96,81,6.93,broken clouds,RU,2022-02-12 19:41:02
498,Goderich,43.7501,-81.7165,15.91,79,100,14.97,overcast clouds,CA,2022-02-12 19:41:02
499,La Palma,33.8464,-118.0467,89.65,14,20,17.27,few clouds,US,2022-02-12 19:41:03
500,Mazara Del Vallo,37.6641,12.588,53.92,78,95,5.17,overcast clouds,IT,2022-02-12 19:41:03
501,Bondo,3.8146,23.6866,75.31,36,100,2.13,overcast clouds,CD,2022-02-12 19:41:04
502,Horta,38.5333,-28.6333,62.24,77,40,20.71,scattered clouds,PT,2022-02-12 19:41:04
503,Viedma,-40.8135,-62.9967,83.89,14,100,8.12,overcast clouds,AR,2022-02-12 19:41:05
504,Aracati,-4.5617,-37.7697,82.33,67,6,10.49,clear sky,BR,2022-02-12 19:41:05
505,Areosa,41.7178,-8.8571,54.25,84,5,4.65,clear sky,PT,2022-02-12 19:41:06
506,Tarauaca,-8.1614,-70.7656,81.34,90,100,2.21,overcast clouds,BR,2022-02-12 19:41:06
507,Venezuela,8.0,-66.0,96.66,27,58,14.2,broken clouds,VE,2022-02-12 19:41:06
508,Buraydah,26.326,43.975,50.45,38,0,9.26,clear sky,SA,2022-02-12 19:41:07
509,Balboa,2.0396,-77.2168,69.76,78,97,5.3,light rain,CO,2022-02-12 19:42:07
510,Padang,-0.9492,100.3543,76.48,82,95,4.23,overcast clouds,ID,2022-02-12 19:42:08
511,Beyneu,45.3167,55.2,37.94,84,100,8.25,overcast clouds,KZ,2022-02-12 19:42:08
512,Canavieiras,-15.675,-38.9472,82.36,64,49,6.46,scattered clouds,BR,2022-02-12 19:42:08
513,Carinhanha,-14.3047,-43.765,79.61,76,100,6.78,overcast clouds,BR,2022-02-12 19:42:09
514,Kabinda,-6.1333,24.4833,67.95,93,75,1.41,light rain,CD,2022-02-12 19:42:09
515,Fort-Shevchenko,44.5086,50.263,41.32,93,84,11.52,broken clouds,KZ,2022-02-12 19:42:10
516,Bermeo,43.4209,-2.7215,54.25,78,94,1.54,overcast clouds,ES,2022-02-12 19:42:10
517,Antalaha,-14.9003,50.2788,73.94,90,40,5.35,scattered clouds,MG,2022-02-12 19:42:11
518,Dedougou,12.4667,-3.4667,80.15,10,5,6.85,clear sky,BF,2022-02-12 19:42:11
519,Atkinson,42.8384,-71.147,59.52,50,20,10.36,few clouds,US,2022-02-12 19:42:12
520,Glinka,54.6404,32.8781,22.05,92,26,11.16,scattered clouds,RU,2022-02-12 19:42:12
521,Boende,-0.2167,20.8667,80.78,53,83,3.56,broken clouds,CD,2022-02-12 19:42:12
522,Ust-Tsilma,65.441,52.1498,12.99,96,95,6.02,overcast clouds,RU,2022-02-12 19:39:33
523,Ozinki,51.1786,49.6769,19.0,96,100,4.12,overcast clouds,RU,2022-02-12 19:42:13
524,Nsanje,-16.92,35.262,74.01,85,92,3.22,overcast clouds,MW,2022-02-12 19:42:13
525,Pitkyaranta,61.5734,31.4792,22.55,95,52,8.34,broken clouds,RU,2022-02-12 19:42:14
526,Chililabombwe,-12.3648,27.8229,61.84,94,68,2.42,broken clouds,ZM,2022-02-12 19:42:14
527,Bani,18.2833,-70.3333,80.74,65,30,18.25,scattered clouds,DO,2022-02-12 19:42:15
528,Bjorkelangen,59.8848,11.5694,40.46,96,100,16.08,light rain,NO,2022-02-12 19:42:15
529,Rapina,58.0981,27.4636,35.89,79,100,17.76,overcast clouds,EE,2022-02-12 19:42:16
530,Balkanabat,39.5108,54.3671,45.23,54,0,3.44,clear sky,TM,2022-02-12 19:42:16
531,Moose Factory,51.2585,-80.6094,-5.8,54,0,11.5,clear sky,CA,2022-02-12 19:42:16
532,Kribi,2.95,9.9167,80.49,81,21,9.48,few clouds,CM,2022-02-12 19:42:17
533,Valparaiso,-33.0393,-71.6273,71.83,62,0,13.8,clear sky,CL,2022-02-12 19:42:17
534,Serebryansk,49.6925,83.2892,20.75,97,100,6.29,overcast clouds,KZ,2022-02-12 19:42:18
535,Arvika,59.6553,12.5852,36.3,96,100,14.41,overcast clouds,SE,2022-02-12 19:42:18
536,Spartanburg,34.9496,-81.9321,72.28,27,0,10.36,clear sky,US,2022-02-12 19:42:19
537,Tyup,42.7276,78.3648,22.46,89,100,4.54,overcast clouds,KG,2022-02-12 19:42:19
538,Gribanovskiy,51.4579,41.9764,25.88,93,92,11.27,overcast clouds,RU,2022-02-12 19:42:19
539,Saint-Augustin,51.226,-58.6502,33.06,98,100,18.63,light snow,CA,2022-02-12 19:42:20
540,Mitu,1.1983,-70.1733,81.28,83,100,3.11,moderate rain,CO,2022-02-12 19:42:20
541,Kabale,-1.2486,29.9899,58.71,85,100,2.64,overcast clouds,UG,2022-02-12 19:42:21
542,Maksatikha,57.797,35.8825,26.91,92,98,12.1,overcast clouds,RU,2022-02-12 19:42:21
543,Albertville,34.2676,-86.2089,64.85,47,0,11.5,clear sky,US,2022-02-12 19:40:22
544,Aswan,24.0934,32.907,70.9,26,0,9.22,clear sky,EG,2022-02-12 19:42:22
545,Blind River,46.1834,-82.9582,-0.29,59,9,6.67,clear sky,CA,2022-02-12 19:42:22
546,Itarema,-2.9248,-39.9167,82.18,70,98,11.7,overcast clouds,BR,2022-02-12 19:42:23
547,Taywarah,33.35,64.4167,21.67,51,79,3.4,broken clouds,AF,2022-02-12 19:42:23
548,Ponnampet,12.15,75.9333,63.73,70,4,2.77,clear sky,IN,2022-02-12 19:42:24
549,Oksbol,55.6268,8.2876,39.9,81,100,31.09,overcast clouds,DK,2022-02-12 19:42:24
550,Muncie,40.1934,-85.3864,25.5,76,100,11.5,overcast clouds,US,2022-02-12 19:42:25
551,Nebolchi,59.1239,33.3454,30.78,96,100,13.35,light snow,RU,2022-02-12 19:42:25
552,Maarianhamina,60.0973,19.9348,35.46,80,20,9.22,few clouds,AX,2022-02-12 19:42:26
553,Barcelos,41.5388,-8.6151,53.85,92,39,1.74,scattered clouds,PT,2022-02-12 19:41:06
554,Vagamo,61.8751,9.0967,19.65,97,100,3.09,light snow,NO,2022-02-12 19:42:26
555,Sal Rei,16.1833,-22.9167,75.76,60,100,17.27,overcast clouds,CV,2022-02-12 19:42:27
556,Tabuk,17.4189,121.4443,68.67,93,81,3.69,broken clouds,PH,2022-02-12 19:43:27
557,Mocajuba,-2.5842,-49.5072,83.12,73,98,2.62,overcast clouds,BR,2022-02-12 19:43:28
558,Awjilah,29.1081,21.2869,56.35,42,0,6.96,clear sky,LY,2022-02-12 19:43:28
559,Lumeje,-11.55,20.7833,67.69,82,100,2.66,overcast clouds,AO,2022-02-12 19:43:28
560,Alta Floresta,-9.8756,-56.0861,80.42,78,75,2.3,light rain,BR,2022-02-12 19:43:29
561,Rabo De Peixe,37.8,-25.5833,61.29,79,75,12.66,broken clouds,PT,2022-02-12 19:43:29
562,Koutiala,12.3917,-5.4642,80.31,10,49,8.32,scattered clouds,ML,2022-02-12 19:43:30
563,Altay,47.8667,88.1167,9.75,76,100,4.63,overcast clouds,CN,2022-02-12 19:43:30
564,Karla,59.3723,24.9275,36.57,80,100,23.02,overcast clouds,EE,2022-02-12 19:43:31
565,Nampula,-15.1165,39.2666,76.95,88,75,6.91,broken clouds,MZ,2022-02-12 19:43:31
566,Maun,-19.9833,23.4167,69.69,66,34,5.14,scattered clouds,BW,2022-02-12 19:43:31
567,Sabzevar,36.2126,57.6819,40.12,78,6,7.83,clear sky,IR,2022-02-12 19:43:32
568,Vrede,-27.4257,29.1659,61.65,52,45,7.72,scattered clouds,ZA,2022-02-12 19:43:32
569,Cobh,51.8572,-8.2992,48.58,97,40,8.05,scattered clouds,IE,2022-02-12 19:43:33
570,Glauchau,50.8167,12.5333,36.97,88,75,4.61,broken clouds,DE,2022-02-12 19:43:33
571,Dogondoutchi,13.6393,4.0287,74.93,10,8,9.04,clear sky,NE,2022-02-12 19:43:33
572,Reconquista,-29.15,-59.65,71.65,58,100,13.94,overcast clouds,AR,2022-02-12 19:40:12
573,Conde,-7.2597,-34.9075,85.46,70,75,10.36,broken clouds,BR,2022-02-12 19:43:34
574,Muravlenko,63.7898,74.523,-9.51,96,25,12.17,scattered clouds,RU,2022-02-12 19:43:35
575,Buta,2.7858,24.73,75.92,41,100,1.79,overcast clouds,CD,2022-02-12 19:43:35
576,Toamasina,-18.1667,49.3833,75.2,94,40,4.61,scattered clouds,MG,2022-02-12 19:43:36
577,Kuusamo,65.9667,29.1833,-2.16,92,20,4.61,few clouds,FI,2022-02-12 19:43:36
578,Abalak,58.1286,68.5944,3.24,93,100,5.57,overcast clouds,RU,2022-02-12 19:43:36
579,Mao,39.8885,4.2658,48.76,81,0,4.61,clear sky,ES,2022-02-12 19:43:37
580,Iglesias,39.3114,8.535,53.02,93,38,2.21,scattered clouds,IT,2022-02-12 19:43:37
581,Cookeville,36.1628,-85.5016,48.79,71,100,8.05,overcast clouds,US,2022-02-12 19:40:53
582,Tinyahuarco,-10.75,-76.3,44.76,83,100,4.94,overcast clouds,PE,2022-02-12 19:43:38
583,Boma,7.0805,-2.1697,78.57,61,67,2.95,broken clouds,GH,2022-02-12 19:43:39
584,Le Port,-20.9373,55.2919,78.76,78,8,5.99,clear sky,RE,2022-02-12 19:43:39
585,Sur,22.5667,59.5289,69.35,63,0,10.4,clear sky,OM,2022-02-12 19:43:40
586,Pozo Colorado,-23.4923,-58.7972,92.52,34,87,8.48,overcast clouds,PY,2022-02-12 19:43:40
587,Igarka,67.4667,86.5833,-11.0,84,3,10.49,clear sky,RU,2022-02-12 19:43:41
588,Plettenberg Bay,-34.0527,23.3716,68.56,93,88,4.83,overcast clouds,ZA,2022-02-12 19:43:41
589,Pisco,-13.7,-76.2167,76.01,60,0,11.5,clear sky,PE,2022-02-12 19:43:41
590,Rosita,13.9268,-84.4032,79.83,75,83,5.44,broken clouds,NI,2022-02-12 19:43:42
591,San Andres,12.5847,-81.7006,86.02,66,20,17.27,few clouds,CO,2022-02-12 19:43:42
592,Kolga,59.4867,25.6192,36.48,97,100,16.22,overcast clouds,EE,2022-02-12 19:43:43
593,Sinop,41.7711,34.8709,33.66,82,100,5.12,overcast clouds,TR,2022-02-12 19:43:43
594,Caraballeda,10.6112,-66.8522,86.36,63,40,5.75,scattered clouds,VE,2022-02-12 19:43:44
595,Varna,43.2167,27.9167,42.94,56,0,4.61,clear sky,BG,2022-02-12 19:41:07
596,Nyrob,60.733,56.7202,12.22,97,100,3.58,light snow,RU,2022-02-12 19:43:44
597,Bani Walid,31.7566,13.9942,54.7,67,42,8.43,scattered clouds,LY,2022-02-12 19:43:45
598,Hadrut,39.52,47.0318,42.21,57,0,3.24,clear sky,AZ,2022-02-12 19:43:45
599,Shieli,44.1667,66.75,32.83,83,100,6.62,overcast clouds,KZ,2022-02-12 19:43:46
600,Kudahuvadhoo,2.6708,72.8944,81.25,69,100,6.78,overcast clouds,MV,2022-02-12 19:43:40
601,Chilca,-12.5211,-76.7372,77.85,77,99,6.11,overcast clouds,PE,2022-02-12 19:44:47
602,Varkkallai,8.7341,76.7067,78.58,86,100,5.99,overcast clouds,IN,2022-02-12 19:44:47
603,Laguna,38.421,-121.4238,79.3,51,0,1.01,clear sky,US,2022-02-12 19:44:48
604,Loandjili,-4.7561,11.8578,80.71,89,20,8.05,few clouds,CG,2022-02-12 19:44:48
605,Tabou,4.423,-7.3528,78.58,85,5,6.35,clear sky,CI,2022-02-12 19:44:49
606,Grand-Santi,4.25,-54.3833,77.59,96,100,3.47,overcast clouds,GF,2022-02-12 19:44:49
607,Bom Jesus Do Itabapoana,-21.1339,-41.6797,76.78,87,83,3.87,broken clouds,BR,2022-02-12 19:44:50
608,Santos Dumont,-21.4567,-43.5525,74.37,95,94,4.07,overcast clouds,BR,2022-02-12 19:44:50
609,Kayalpattinam,8.5667,78.1167,77.13,80,100,12.73,overcast clouds,IN,2022-02-12 19:44:51
610,Jos,9.9167,8.9,68.97,17,21,5.23,few clouds,NG,2022-02-12 19:44:51
611,Abeche,13.8292,20.8324,76.01,12,24,8.34,few clouds,TD,2022-02-12 19:44:52
612,Kaoma,-14.7833,24.8,64.83,96,100,5.08,overcast clouds,ZM,2022-02-12 19:44:52
613,Saint-Leu,-21.15,55.2833,77.83,76,4,3.98,clear sky,RE,2022-02-12 19:44:52
614,Dezful,32.3811,48.4058,55.63,71,0,4.65,clear sky,IR,2022-02-12 19:44:53
615,Rincon,32.296,-81.2354,69.71,34,75,0.0,broken clouds,US,2022-02-12 19:44:53
616,Brae,60.3964,-1.353,46.31,88,93,23.42,overcast clouds,GB,2022-02-12 19:44:54
617,Kodino,63.7198,39.6447,12.83,96,99,5.75,overcast clouds,RU,2022-02-12 19:44:54
618,Zandvoort,52.3749,4.5341,41.95,69,0,14.97,clear sky,NL,2022-02-12 19:44:54
619,Gazli,40.1333,63.45,37.2,60,0,6.93,clear sky,UZ,2022-02-12 19:44:55
620,Huarmey,-10.0681,-78.1522,75.96,71,38,10.76,scattered clouds,PE,2022-02-12 19:44:55
621,Aksarka,66.5606,67.7975,-12.17,94,100,7.74,overcast clouds,RU,2022-02-12 19:44:56
622,Kibre Mengist,5.8833,38.9833,60.58,35,51,2.13,broken clouds,ET,2022-02-12 19:44:56
623,Ambovombe,-25.1667,46.0833,75.13,85,0,17.83,clear sky,MG,2022-02-12 19:44:56
624,Charleston,32.7766,-79.9309,70.21,50,40,4.61,scattered clouds,US,2022-02-12 19:44:26
625,Makueni,-1.8041,37.6203,66.38,66,55,2.35,broken clouds,KE,2022-02-12 19:44:57
626,Aripuana,-9.1667,-60.6333,79.47,82,80,0.34,broken clouds,BR,2022-02-12 19:44:58
627,Awbari,26.5921,12.7805,54.91,27,0,8.66,clear sky,LY,2022-02-12 19:44:58
628,Conceicao Do Araguaia,-8.2578,-49.2647,78.71,88,78,5.17,broken clouds,BR,2022-02-12 19:44:58
629,Benghazi,32.1167,20.0667,56.43,64,0,3.27,clear sky,LY,2022-02-12 19:44:59
630,Laguna De Perlas,12.3429,-83.6712,84.29,79,98,12.26,overcast clouds,NI,2022-02-12 19:44:59
631,Mayor Pablo Lagerenza,-19.9309,-60.7718,75.87,75,100,11.59,overcast clouds,PY,2022-02-12 19:45:00
632,Dakar,14.6937,-17.4441,76.08,68,35,4.61,scattered clouds,SN,2022-02-12 19:41:48
633,Ponta Delgada,37.7333,-25.6667,62.51,82,75,12.66,broken clouds,PT,2022-02-12 19:45:00
634,Sao Miguel Do Araguaia,-13.275,-50.1628,78.76,86,69,5.44,broken clouds,BR,2022-02-12 19:45:01
635,Ghatal,22.6667,87.7167,60.58,44,25,6.93,scattered clouds,IN,2022-02-12 19:45:01
636,Araouane,18.9048,-3.5265,66.34,15,0,9.19,clear sky,ML,2022-02-12 19:45:02
637,Buchanan,5.8808,-10.0467,82.36,82,18,8.72,few clouds,LR,2022-02-12 19:45:02
638,Marrakesh,31.6315,-8.0083,64.47,27,1,4.61,clear sky,MA,2022-02-12 19:43:13
639,Albanel,48.8832,-72.4487,3.34,72,100,16.11,overcast clouds,CA,2022-02-12 19:45:03
640,Bara,10.3744,10.7288,77.52,16,33,8.46,scattered clouds,NG,2022-02-12 19:45:03
641,Ravensburg,47.7833,9.6167,35.08,77,75,0.0,broken clouds,DE,2022-02-12 19:45:04
642,Melilla,35.2937,-2.9383,55.78,76,20,1.14,few clouds,ES,2022-02-12 19:45:04
643,Tranas,58.0372,14.9782,36.63,77,100,14.67,overcast clouds,SE,2022-02-12 19:45:05
644,Impfondo,1.6381,18.0667,78.26,30,7,1.05,clear sky,CG,2022-02-12 19:45:05
645,Rawson,-43.3002,-65.1023,81.05,25,99,8.08,overcast clouds,AR,2022-02-12 19:45:06
646,Iskateley,67.6803,53.1512,10.96,94,98,10.36,overcast clouds,RU,2022-02-12 19:45:06
647,Mul,20.0667,79.6667,60.98,24,97,4.79,overcast clouds,IN,2022-02-12 19:46:07
648,Korem,12.5058,39.5228,54.05,89,84,4.56,broken clouds,ET,2022-02-12 19:46:07
649,Jijiga,9.35,42.8,61.3,65,29,10.07,scattered clouds,ET,2022-02-12 19:46:07
650,Linhares,-19.3911,-40.0722,76.42,87,100,6.93,overcast clouds,BR,2022-02-12 19:46:08
651,Pizarro,4.9533,-77.366,81.23,78,77,6.46,light rain,CO,2022-02-12 19:46:08
652,Veroce,47.8247,19.0348,39.16,66,6,5.39,clear sky,HU,2022-02-12 19:46:09
653,Bundibugyo,0.7414,30.0417,77.11,41,100,3.27,overcast clouds,UG,2022-02-12 19:46:09
654,Ouadda,8.0777,22.4007,76.26,22,40,7.85,scattered clouds,CF,2022-02-12 19:46:10
655,Toronto,43.7001,-79.4163,25.56,59,75,21.85,broken clouds,CA,2022-02-12 19:41:36
656,Santa Maria,-29.6842,-53.8069,79.9,69,0,8.05,clear sky,BR,2022-02-12 19:44:55
657,Chirongui,-12.9319,45.1483,78.73,76,17,9.1,few clouds,YT,2022-02-12 19:46:11
658,Mariental,-24.6333,17.9667,76.37,56,10,6.76,clear sky,NA,2022-02-12 19:46:11
659,Neftcala,39.3742,49.2472,47.79,90,0,12.15,clear sky,AZ,2022-02-12 19:46:12
660,Masunga,-20.6246,27.4488,71.29,40,26,13.67,scattered clouds,BW,2022-02-12 19:46:12
661,Puerto Ayacucho,5.6639,-67.6236,94.78,37,90,4.0,overcast clouds,VE,2022-02-12 19:46:13
662,Juba,4.8517,31.5825,86.02,24,73,5.08,broken clouds,SS,2022-02-12 19:46:13
663,Rafaela,-31.2503,-61.4867,75.0,36,62,11.59,broken clouds,AR,2022-02-12 19:43:08
664,Porto Torres,40.835,8.3972,51.1,81,0,11.65,clear sky,IT,2022-02-12 19:46:14
665,Ciudad Bolivar,8.1222,-63.5497,90.93,38,76,15.52,broken clouds,VE,2022-02-12 19:46:14
666,Piotrkow Trybunalski,51.4055,19.7032,30.11,10,37,8.48,scattered clouds,PL,2022-02-12 19:46:15
667,Santa Cecilia,-26.9608,-50.4269,80.37,37,45,4.43,scattered clouds,BR,2022-02-12 19:46:15
668,Florianopolis,-27.6146,-48.5012,81.25,61,40,13.8,scattered clouds,BR,2022-02-12 19:41:46
669,Ereymentau,51.6199,73.1033,11.32,92,99,19.17,overcast clouds,KZ,2022-02-12 19:46:16
670,Kotka,60.4664,26.9458,30.33,89,100,13.78,overcast clouds,FI,2022-02-12 19:46:17
671,Wattegama,6.7989,81.4808,72.61,94,100,3.91,overcast clouds,LK,2022-02-12 19:46:17
672,Aguimes,27.9054,-15.4461,64.65,63,20,15.01,few clouds,ES,2022-02-12 19:46:18
673,Taoudenni,22.6783,-3.9836,67.37,18,0,10.22,clear sky,ML,2022-02-12 19:46:18
674,Yarada,17.65,83.2667,75.52,78,40,2.3,mist,IN,2022-02-12 19:46:19
675,Salisbury,51.0693,-1.7957,47.95,87,100,16.11,light intensity drizzle,GB,2022-02-12 19:46:19
676,Chany,55.3121,76.7647,-1.39,93,15,10.47,few clouds,RU,2022-02-12 19:46:20
677,Annau,37.8876,58.516,42.3,93,100,6.91,overcast clouds,TM,2022-02-12 19:46:20
678,Gamba,-2.65,10.0,78.53,88,100,6.85,light rain,GA,2022-02-12 19:46:20
679,Qena,26.1615,32.7183,66.31,46,0,0.78,clear sky,EG,2022-02-12 19:46:21
680,Avila,40.5833,-5.0,44.65,85,100,2.64,overcast clouds,ES,2022-02-12 19:46:21
681,Westport,41.1415,-73.3579,58.98,43,0,18.41,clear sky,US,2022-02-12 19:45:42
682,Huambo,-12.7761,15.7392,62.08,72,90,1.95,overcast clouds,AO,2022-02-12 19:46:22
683,La Baule-Escoublac,47.2922,-2.364,47.88,85,100,6.91,overcast clouds,FR,2022-02-12 19:46:22
684,Krasnoborsk,61.5598,45.934,14.34,96,96,5.57,light snow,RU,2022-02-12 19:46:23
685,Oskarshamn,57.2645,16.4484,35.98,72,100,15.61,overcast clouds,SE,2022-02-12 19:46:23
686,Duki,30.1541,68.5728,52.41,32,0,1.97,clear sky,PK,2022-02-12 19:46:24
687,Purna,19.1833,77.05,67.17,26,71,7.14,broken clouds,IN,2022-02-12 19:46:25
688,Pailon,-17.65,-62.75,85.68,90,92,13.58,overcast clouds,BO,2022-02-12 19:46:25
689,Sandanski,41.5667,23.2833,45.86,79,100,3.09,overcast clouds,BG,2022-02-12 19:46:26
690,Oranjestad,12.524,-70.027,80.55,74,75,19.57,broken clouds,AW,2022-02-12 19:46:26
691,Virginia Beach,36.8529,-75.978,70.05,39,100,8.1,overcast clouds,US,2022-02-12 19:43:20
692,Aktyubinskiy,54.8137,52.8056,23.31,95,100,9.44,overcast clouds,RU,2022-02-12 19:46:27
693,Guarapari,-20.6667,-40.4975,76.89,94,100,1.1,overcast clouds,BR,2022-02-12 19:47:27
694,Lafia,8.4833,8.5167,87.13,10,91,2.51,overcast clouds,NG,2022-02-12 19:47:28
695,Manadhoo,5.7667,73.3833,80.58,76,100,6.04,overcast clouds,MV,2022-02-12 19:47:28
696,Visby,57.6409,18.296,36.05,69,100,19.57,overcast clouds,SE,2022-02-12 19:47:29
697,Asgabat,37.95,58.3833,42.66,93,100,6.91,overcast clouds,TM,2022-02-12 19:47:29
698,Kholm,59.2667,32.85,31.53,96,100,12.97,light snow,RU,2022-02-12 19:47:29
699,Udala,43.0778,-2.5125,46.78,84,100,3.49,overcast clouds,ES,2022-02-12 19:47:30
700,Mattru,7.6244,-11.8332,78.8,72,36,7.09,scattered clouds,SL,2022-02-12 19:47:30
701,Thompson,55.7435,-97.8558,-7.44,54,0,8.05,clear sky,CA,2022-02-12 19:42:44
702,Kisangani,0.5167,25.2,78.1,60,100,0.38,overcast clouds,CD,2022-02-12 19:47:31
703,Marica,-22.9194,-42.8186,80.76,82,30,8.77,scattered clouds,BR,2022-02-12 19:47:31
704,Copiapo,-27.3667,-70.3333,74.89,35,0,10.22,clear sky,CL,2022-02-12 19:47:32
705,Turiacu,-1.6633,-45.3717,78.48,85,99,5.79,overcast clouds,BR,2022-02-12 19:47:32
706,Esil,51.9556,66.4042,21.54,96,100,10.87,light snow,KZ,2022-02-12 19:47:33
707,Carutapera,-1.195,-46.02,79.48,86,100,6.33,overcast clouds,BR,2022-02-12 19:47:33
708,Neumunster,54.0667,9.9833,37.24,75,98,8.01,overcast clouds,DE,2022-02-12 19:47:34
709,Ambilobe,-13.2,49.05,72.59,96,86,2.57,light rain,MG,2022-02-12 19:47:34
710,Oistins,13.0667,-59.5333,82.49,57,20,21.85,few clouds,BB,2022-02-12 19:47:34
711,Tambopata,-12.7333,-69.1833,85.46,64,100,5.28,overcast clouds,PE,2022-02-12 19:47:35
712,Lagos,6.5833,3.75,84.52,82,7,6.15,clear sky,NG,2022-02-12 19:44:25
713,Camocim,-2.9022,-40.8411,82.87,71,65,13.06,broken clouds,BR,2022-02-12 19:47:35
714,Camacupa,-12.0167,17.4833,66.45,79,100,0.49,light rain,AO,2022-02-12 19:47:36
715,Belomorsk,64.5232,34.7668,9.03,95,57,6.13,broken clouds,RU,2022-02-12 19:47:36
716,Lamu,-2.2717,40.902,79.02,86,90,10.92,overcast clouds,KE,2022-02-12 19:47:37
717,Beisfjord,68.3751,17.5988,21.25,88,85,9.1,overcast clouds,NO,2022-02-12 19:47:37
718,Roros,62.5747,11.3842,31.84,74,100,8.05,overcast clouds,NO,2022-02-12 19:47:37
719,Chester,40.1254,-75.8749,56.57,50,0,19.57,clear sky,US,2022-02-12 19:47:38
720,Talcahuano,-36.7167,-73.1167,82.08,23,0,9.22,clear sky,CL,2022-02-12 19:47:38
721,Dubai,25.2582,55.3047,73.33,60,0,3.44,clear sky,AE,2022-02-12 19:47:12
722,Poitiers,46.5833,0.3333,39.67,62,0,3.44,clear sky,FR,2022-02-12 19:47:39
723,Lima,-12.0432,-77.0282,76.14,61,0,8.05,clear sky,PE,2022-02-12 19:44:37
724,Felanitx,39.4696,3.1483,54.95,81,0,0.98,clear sky,ES,2022-02-12 19:47:40
725,Abu Samrah,35.3029,37.1841,48.72,72,0,6.02,clear sky,SY,2022-02-12 19:47:40
726,Sanguem,15.2333,74.1667,76.48,59,5,3.71,clear sky,IN,2022-02-12 19:47:41
727,Shache,38.4167,77.2406,38.71,32,100,5.14,overcast clouds,CN,2022-02-12 19:47:41
728,Peniche,39.3558,-9.3811,56.68,82,25,10.54,scattered clouds,PT,2022-02-12 19:47:41
729,Huicungo,-7.2833,-76.8,88.05,66,75,5.75,moderate rain,PE,2022-02-12 19:47:42
730,Ternovskaya,45.8542,40.4086,40.6,92,100,17.81,moderate rain,RU,2022-02-12 19:47:42
731,Nicoya,10.1483,-85.452,90.95,37,25,9.66,scattered clouds,CR,2022-02-12 19:47:43
732,Changji,44.0167,87.3167,12.99,92,75,4.47,mist,CN,2022-02-12 19:47:43
733,Bobo Dioulasso,11.1771,-4.2979,81.05,14,28,4.61,scattered clouds,BF,2022-02-12 19:47:44
734,Inyonga,-6.7167,32.0667,64.65,94,100,0.45,light rain,TZ,2022-02-12 19:47:44
735,Scicli,36.7902,14.7014,54.95,84,97,4.32,overcast clouds,IT,2022-02-12 19:47:45
736,Dondo,-19.6094,34.7431,81.91,82,82,4.88,broken clouds,MZ,2022-02-12 19:47:45
737,Morant Bay,17.8815,-76.4093,85.62,75,27,14.67,scattered clouds,JM,2022-02-12 19:47:46
738,Energetik,51.7445,58.7934,20.32,91,90,11.36,overcast clouds,RU,2022-02-12 19:47:46
